{"categories":[{"name":"L_MicrosoftOfficeOneNote","displayName":"Microsoft OneNote 2016"},{"parentCategory":{"ref":"L_MicrosoftOfficeOneNote"},"name":"L_OneNoteOptions","displayName":"OneNote のオプション"},{"parentCategory":{"ref":"L_OneNoteOptions"},"name":"L_Display","displayName":"表示"},{"parentCategory":{"ref":"L_OneNoteOptions"},"name":"L_Editing","displayName":"編集"},{"parentCategory":{"ref":"L_OneNoteOptions"},"name":"L_Pen","displayName":"ペン"},{"parentCategory":{"ref":"L_OneNoteOptions"},"name":"L_Email","displayName":"電子メール"},{"parentCategory":{"ref":"L_OneNoteOptions"},"name":"L_Security","displayName":"セキュリティ"},{"parentCategory":{"ref":"L_Security"},"name":"L_Cryptography","displayName":"暗号化"},{"parentCategory":{"ref":"L_OneNoteOptions"},"name":"L_NoteFlags","displayName":"ノート シール"},{"parentCategory":{"ref":"L_OneNoteOptions"},"name":"L_AudioandVideo","displayName":"オーディオおよびビデオ"},{"parentCategory":{"ref":"L_OneNoteOptions"},"name":"L_Save","displayName":"保存"},{"parentCategory":{"ref":"L_OneNoteOptions"},"name":"L_Password","displayName":"パスワード"},{"parentCategory":{"ref":"L_OneNoteOptions"},"name":"L_Backup","displayName":"バックアップ"},{"parentCategory":{"ref":"L_OneNoteOptions"},"name":"L_SendToOneNote","displayName":"OneNote に送る"},{"parentCategory":{"ref":"L_OneNoteOptions"},"name":"L_Addins","displayName":"アドイン"},{"parentCategory":{"ref":"L_OneNoteOptions"},"name":"L_Spelling","displayName":"スペル チェック"},{"parentCategory":{"ref":"L_OneNoteOptions"},"name":"L_VersionsAndRecyleBin","displayName":"バージョンとごみ箱"},{"parentCategory":{"ref":"L_OneNoteOptions"},"name":"L_Other","displayName":"その他"}],"policies":[{"parentCategory":{"ref":"L_Display"},"supportedOn":{"ref":"windows:SUPPORTED_Windows7"},"elements":{"items":[{"item":[{"value":{"decimal":{"value":0}},"displayName":"右"},{"value":{"decimal":{"value":1}},"displayName":"左"}],"valueName":"pagetabsonleft","inputType":"dropdownList","caption":"ページ タブ コントロールの位置を指定してください:","id":"L_Specifylocationofthepagetabcontrol"}]},"name":"L_Pagetabsappearontheleft","displayName":"ページ タブを左側に表示する","explainText":"右に表示するには、[ページ タブを左側に表示する] オプションをオフにします。左に表示するにはこのオプションをオンにします。","tags":["L_Display","L_OneNoteOptions","L_MicrosoftOfficeOneNote"],"application":"onent16","key":"software\\microsoft\\office\\16.0\\onenote\\options\\other"},{"parentCategory":{"ref":"L_Display"},"supportedOn":{"ref":"windows:SUPPORTED_Windows7"},"enabledValue":{"decimal":{"value":1}},"disabledValue":{"decimal":{"value":0}},"name":"L_Verticalscrollbarappearsonleft","displayName":"垂直スクロール バーを左側に表示する","explainText":"対応する UI オプションをオンまたはオフにします。","tags":["L_Display","L_OneNoteOptions","L_MicrosoftOfficeOneNote"],"application":"onent16","key":"software\\microsoft\\office\\16.0\\onenote\\options\\other","valueName":"vertscrollbaronleft"},{"parentCategory":{"ref":"L_Display"},"supportedOn":{"ref":"windows:SUPPORTED_Windows7"},"enabledValue":{"decimal":{"value":1}},"disabledValue":{"decimal":{"value":0}},"name":"L_ShowNoteContainers","displayName":"ノート コンテナーを表示する","explainText":"対応する UI オプションをオンまたはオフにします。","tags":["L_Display","L_OneNoteOptions","L_MicrosoftOfficeOneNote"],"application":"onent16","key":"software\\microsoft\\office\\16.0\\onenote\\options\\other","valueName":"shownotecontainers"},{"parentCategory":{"ref":"L_Display"},"supportedOn":{"ref":"windows:SUPPORTED_Windows7"},"enabledValue":{"decimal":{"value":0}},"disabledValue":{"decimal":{"value":1}},"name":"L_Navigationbarappearsontheright","displayName":"ナビゲーション バーを右に表示する","explainText":"このオプションでは、ナビゲーション バーを表示する場所を指定します。","tags":["L_Display","L_OneNoteOptions","L_MicrosoftOfficeOneNote"],"application":"onent16","key":"software\\microsoft\\office\\16.0\\onenote\\options\\other","valueName":"navbaronleft"},{"parentCategory":{"ref":"L_Editing"},"supportedOn":{"ref":"windows:SUPPORTED_Windows7"},"enabledValue":{"decimal":{"value":0}},"disabledValue":{"decimal":{"value":1}},"name":"L_TurnOffLinkCreationWith","displayName":"[[ ]] を使用したリンクの作成をオフにする","explainText":"このポリシー設定では、[[ ]] を使用したリンクの作成をオフにできます。OneNote では、用語の前後を [[ ]] で囲むことにより、自動的にリンクを作成できます。OneNote は自動的にそのセクションに新しいページを作成し、そのテキストにリンクを作成します。\n\nこのポリシー設定を有効にした場合、ユーザーは [[ ]] を使用してリンクと新しいページを作成することができません。\n\nこのポリシー設定を無効にするか、未構成にした場合、ユーザーが [[ ]] を使用すると、OneNote は自動的にリンクを作成します。","tags":["L_Editing","L_OneNoteOptions","L_MicrosoftOfficeOneNote"],"application":"onent16","key":"software\\microsoft\\office\\16.0\\onenote\\options\\editing","valueName":"wikilink"},{"parentCategory":{"ref":"L_Editing"},"supportedOn":{"ref":"windows:SUPPORTED_Windows7"},"enabledValue":{"decimal":{"value":0}},"disabledValue":{"decimal":{"value":1}},"name":"L_Turnoffautocalculator","displayName":"自動計算機能をオフにする","explainText":"自動計算機能をオンまたはオフにします。","tags":["L_Editing","L_OneNoteOptions","L_MicrosoftOfficeOneNote"],"application":"onent16","key":"software\\microsoft\\office\\16.0\\onenote\\options\\editing","valueName":"autocalculate"},{"parentCategory":{"ref":"L_Editing"},"supportedOn":{"ref":"windows:SUPPORTED_Windows7"},"enabledValue":{"decimal":{"value":1}},"disabledValue":{"decimal":{"value":0}},"name":"L_ShowPasteOptionsbuttons","displayName":"[貼り付けオプション] ボタンを表示する","explainText":"対応する UI オプションをオンまたはオフにします。","tags":["L_Editing","L_OneNoteOptions","L_MicrosoftOfficeOneNote"],"application":"onent16","key":"software\\microsoft\\office\\16.0\\onenote\\options\\other","valueName":"pasteooui"},{"parentCategory":{"ref":"L_Editing"},"supportedOn":{"ref":"windows:SUPPORTED_Windows7"},"enabledValue":{"decimal":{"value":1}},"disabledValue":{"decimal":{"value":0}},"name":"L_AutoNumberingRecognition","displayName":"段落番号を自動的に認識する","explainText":"[自動的に段落番号を設定する] オプションをオンまたはオフにします。","tags":["L_Editing","L_OneNoteOptions","L_MicrosoftOfficeOneNote"],"application":"onent16","key":"software\\microsoft\\office\\16.0\\onenote\\options\\editing","valueName":"numbering auto reco"},{"parentCategory":{"ref":"L_Editing"},"supportedOn":{"ref":"windows:SUPPORTED_Windows7"},"enabledValue":{"decimal":{"value":1}},"disabledValue":{"decimal":{"value":0}},"name":"L_AutoBulletRecognition","displayName":"箇条書きを自動的に認識する","explainText":"[自動的に箇条書きを設定する] オプションをオンまたはオフにします。","tags":["L_Editing","L_OneNoteOptions","L_MicrosoftOfficeOneNote"],"application":"onent16","key":"software\\microsoft\\office\\16.0\\onenote\\options\\editing","valueName":"bullet auto reco"},{"parentCategory":{"ref":"L_Editing"},"supportedOn":{"ref":"windows:SUPPORTED_Windows7"},"elements":{"items":[{"valueName":"defaultfontface","requiredSpecified":false,"expandableSpecified":false,"maxLengthSpecified":false,"inputType":"textBox","caption":"フォント:","id":"L_Font"}]},"name":"L_DefaultFontName","displayName":"既定のフォント名","explainText":"[フォント] オプションの値を指定します。","tags":["L_Editing","L_OneNoteOptions","L_MicrosoftOfficeOneNote"],"application":"onent16","key":"software\\microsoft\\office\\16.0\\onenote\\options\\editing"},{"parentCategory":{"ref":"L_Editing"},"supportedOn":{"ref":"windows:SUPPORTED_Windows7"},"elements":{"items":[{"valueName":"defaultfontsize","requiredSpecified":false,"expandableSpecified":false,"maxLengthSpecified":false,"inputType":"textBox","caption":"フォント サイズ:","id":"L_FontSize"}]},"name":"L_DefaultFontSize","displayName":"既定のフォント サイズ","explainText":"[サイズ] オプションの値を指定します。","tags":["L_Editing","L_OneNoteOptions","L_MicrosoftOfficeOneNote"],"application":"onent16","key":"software\\microsoft\\office\\16.0\\onenote\\options\\editing"},{"parentCategory":{"ref":"L_Editing"},"supportedOn":{"ref":"windows:SUPPORTED_Windows7"},"enabledValue":{"decimal":{"value":1}},"disabledValue":{"decimal":{"value":0}},"name":"L_AutoKeyboardSwitching","displayName":"自動的にキーボードを切り替える","explainText":"[自動的にキーボードを切り替える] オプションをオンまたはオフにします。","tags":["L_Editing","L_OneNoteOptions","L_MicrosoftOfficeOneNote"],"application":"onent16","key":"software\\microsoft\\office\\16.0\\onenote\\options\\language","valueName":"autokeyboard"},{"parentCategory":{"ref":"L_Editing"},"supportedOn":{"ref":"windows:SUPPORTED_Windows7"},"enabledValue":{"decimal":{"value":1}},"disabledValue":{"decimal":{"value":0}},"name":"L_IncludelinktosourcewhenpastingfromtheInternet","displayName":"インターネットからの貼り付け時に、貼り付け元のリンクを表示する","explainText":"対応する UI オプションをオンまたはオフにします。","tags":["L_Editing","L_OneNoteOptions","L_MicrosoftOfficeOneNote"],"application":"onent16","key":"software\\microsoft\\office\\16.0\\onenote\\options\\editing","valueName":"pasteincludeurl"},{"parentCategory":{"ref":"L_Pen"},"supportedOn":{"ref":"windows:SUPPORTED_Windows7"},"enabledValue":{"decimal":{"value":1}},"disabledValue":{"decimal":{"value":0}},"name":"L_DisableScratchout","displayName":"インクを消すジェスチャを無効にする","explainText":"インクを消すジェスチャを無効にします。","tags":["L_Pen","L_OneNoteOptions","L_MicrosoftOfficeOneNote"],"application":"onent16","key":"software\\microsoft\\office\\16.0\\onenote\\options\\pen","valueName":"disablescratchout"},{"parentCategory":{"ref":"L_Pen"},"supportedOn":{"ref":"windows:SUPPORTED_Windows7"},"enabledValue":{"decimal":{"value":1}},"disabledValue":{"decimal":{"value":0}},"name":"L_Createallnewpageswithrulelines","displayName":"罫線付きの新しいページを作成する","explainText":"対応する UI オプションをオンまたはオフにします。","tags":["L_Pen","L_OneNoteOptions","L_MicrosoftOfficeOneNote"],"application":"onent16","key":"software\\microsoft\\office\\16.0\\onenote\\options\\pen","valueName":"userulelines"},{"parentCategory":{"ref":"L_Pen"},"supportedOn":{"ref":"windows:SUPPORTED_Windows7"},"enabledValue":{"decimal":{"value":1}},"disabledValue":{"decimal":{"value":0}},"name":"L_Usepenpressuresensitivity","displayName":"筆圧に対応する","explainText":"対応する UI オプションをオンまたはオフにします。","tags":["L_Pen","L_OneNoteOptions","L_MicrosoftOfficeOneNote"],"application":"onent16","key":"software\\microsoft\\office\\16.0\\onenote\\options\\pen","valueName":"inkpressure"},{"parentCategory":{"ref":"L_Pen"},"supportedOn":{"ref":"windows:SUPPORTED_Windows7"},"enabledValue":{"decimal":{"value":1}},"disabledValue":{"decimal":{"value":0}},"name":"L_AutomaticallyswitchbetweenPenandSelectionTool","displayName":"ペン/選択ツールを自動的に切り替える","explainText":"対応する UI オプションをオンまたはオフにします。","tags":["L_Pen","L_OneNoteOptions","L_MicrosoftOfficeOneNote"],"application":"onent16","key":"software\\microsoft\\office\\16.0\\onenote\\options\\pen","valueName":"automodeswitch"},{"parentCategory":{"ref":"L_Pen"},"supportedOn":{"ref":"windows:SUPPORTED_Windows7"},"enabledValue":{"decimal":{"value":1}},"disabledValue":{"decimal":{"value":0}},"name":"L_ShowTabletPCInputPanelonOneNotepages","displayName":"Tablet PC 入力パネルを OneNote のページに表示する","explainText":"このポリシーを有効にすると、Tablet PC 入力パネルが OneNote のページに表示されます。","tags":["L_Pen","L_OneNoteOptions","L_MicrosoftOfficeOneNote"],"application":"onent16","key":"software\\microsoft\\office\\16.0\\onenote\\options\\pen","valueName":"showtabletpcinputpanel"},{"parentCategory":{"ref":"L_Email"},"supportedOn":{"ref":"windows:SUPPORTED_Windows7"},"enabledValue":{"decimal":{"value":1}},"disabledValue":{"decimal":{"value":0}},"name":"L_AttachEmbeddedFilesToTheEmail","displayName":"埋め込みファイルを独立したファイルとして電子メール メッセージに添付する","explainText":"このポリシー設定では、[ファイル] タブ | [オプション] | [詳細設定] | [OneNote から送信する電子メール] にある [埋め込みファイルを別のファイルとして電子メール メッセージに添付する] オプションを構成できます。\n\nこのポリシー設定を有効にするか、未構成にした場合、埋め込みファイルは別のファイルとして電子メール メッセージに添付されます。\n\nこのポリシー設定を無効にした場合、埋め込みファイルは別のファイルとして電子メール メッセージに添付されません。","tags":["L_Email","L_OneNoteOptions","L_MicrosoftOfficeOneNote"],"application":"onent16","key":"software\\microsoft\\office\\16.0\\onenote\\options","valueName":"email embedded files"},{"parentCategory":{"ref":"L_Email"},"supportedOn":{"ref":"windows:SUPPORTED_Windows7"},"enabledValue":{"decimal":{"value":1}},"disabledValue":{"decimal":{"value":0}},"name":"L_AllowOneNoteemailattachments","displayName":"OneNote ファイルの電子メールへの添付を可能にする","explainText":"[元のノートのコピーを OneNote ファイルとして添付する] オプションをオンまたはオフにします。","tags":["L_Email","L_OneNoteOptions","L_MicrosoftOfficeOneNote"],"application":"onent16","key":"software\\microsoft\\office\\16.0\\onenote\\options","valueName":"email attachment"},{"parentCategory":{"ref":"L_Email"},"supportedOn":{"ref":"windows:SUPPORTED_Windows7"},"enabledValue":{"decimal":{"value":1}},"disabledValue":{"decimal":{"value":0}},"name":"L_AddsignaturetoOneNoteemailmessages","displayName":"OneNote の電子メール メッセージに署名を追加する","explainText":"[次の署名を OneNote で作成する電子メール メッセージおよび Web ページに追加する] オプションをオンまたはオフにします。","tags":["L_Email","L_OneNoteOptions","L_MicrosoftOfficeOneNote"],"application":"onent16","key":"software\\microsoft\\office\\16.0\\onenote\\options\\other","valueName":"emailsignature"},{"parentCategory":{"ref":"L_Email"},"supportedOn":{"ref":"windows:SUPPORTED_Windows7"},"elements":{"items":[{"valueName":"signature","requiredSpecified":false,"expandableSpecified":false,"maxLengthSpecified":false,"inputType":"textBox","caption":"OneNote の電子メールで使用する署名を入力してください:","id":"L_EntersignaturetouseforOneNoteemail"}]},"name":"L_UsethissignatureforOneNoteemail","displayName":"OneNote の電子メールで署名を使用する","explainText":"[次の署名を OneNote で作成する電子メール メッセージおよび Web ページに追加する] オプションの値を設定します。","tags":["L_Email","L_OneNoteOptions","L_MicrosoftOfficeOneNote"],"application":"onent16","key":"software\\microsoft\\office\\16.0\\onenote\\options\\other"},{"parentCategory":{"ref":"L_NoteFlags"},"supportedOn":{"ref":"windows:SUPPORTED_Windows7"},"enabledValue":{"decimal":{"value":1}},"disabledValue":{"decimal":{"value":0}},"name":"L_Copyitemswhenmovingthem","displayName":"アイテムを移動するときにコピーする","explainText":"このポリシー設定では、シール付きノートを構成できます。\n\nこのポリシー設定を有効にするか、未構成にした場合、[元のシール付きノートはそのまま表示する] オプションがオンになります。\n\nこのポリシー設定を無効にした場合、[元のシール付きノートを薄く表示する] オプションがオンになります。","tags":["L_NoteFlags","L_OneNoteOptions","L_MicrosoftOfficeOneNote"],"application":"onent16","key":"software\\microsoft\\office\\16.0\\onenote\\options\\other","valueName":"duplicatenoteflag"},{"parentCategory":{"ref":"L_NoteFlags"},"supportedOn":{"ref":"windows:SUPPORTED_Windows7"},"enabledValue":{"decimal":{"value":1}},"disabledValue":{"decimal":{"value":0}},"name":"L_ShowDimmedTaggedNotesInTheTagsSummaryTaskPane","displayName":"薄く表示されたシール付きノートを [ノート シールの概要] 作業ウィンドウに表示する","explainText":"[薄く表示されたシール付きノートを [ノート シールの概要] 作業ウィンドウに表示する] オプションをオンまたはオフにします。","tags":["L_NoteFlags","L_OneNoteOptions","L_MicrosoftOfficeOneNote"],"application":"onent16","key":"software\\microsoft\\office\\16.0\\onenote\\options\\other","valueName":"showinactivenoteflag"},{"parentCategory":{"ref":"L_AudioandVideo"},"supportedOn":{"ref":"windows:SUPPORTED_Windows7"},"enabledValue":{"decimal":{"value":0}},"disabledValue":{"decimal":{"value":1}},"name":"L_Disableaudosearch","displayName":"オーディオ検索を無効にする","explainText":"OneNote のオーディオ検索機能を無効にします。","tags":["L_AudioandVideo","L_OneNoteOptions","L_MicrosoftOfficeOneNote"],"application":"onent16","key":"software\\microsoft\\office\\16.0\\onenote\\options\\other","valueName":"enableaudiosearch"},{"parentCategory":{"ref":"L_AudioandVideo"},"supportedOn":{"ref":"windows:SUPPORTED_Windows7"},"enabledValue":{"decimal":{"value":1}},"disabledValue":{"decimal":{"value":0}},"name":"L_DisableLinkedAudiofeature","displayName":"リンクされたオーディオ機能を無効にする","explainText":"このポリシー設定では、[挿入] タブの [オーディオの録音] および [ビデオの録画] コマンドを構成できます。\n\nこのポリシー設定を有効にした場合、コマンドは使用できません。\n\nこのポリシー設定を無効にするか、未構成にした場合は、コマンドを使用できます。","tags":["L_AudioandVideo","L_OneNoteOptions","L_MicrosoftOfficeOneNote"],"application":"onent16","key":"software\\microsoft\\office\\16.0\\onenote\\options\\audio","valueName":"disablerecording"},{"parentCategory":{"ref":"L_AudioandVideo"},"supportedOn":{"ref":"windows:SUPPORTED_Windows7"},"elements":{"items":[{"valueName":"defaultbitdepth","minValue":8,"minValueSpecified":true,"maxValue":48,"maxValueSpecified":true,"inputType":"decimalTextBox","caption":"ビット数:","id":"L_Bits"}]},"name":"L_Specifynumberofbitstosamplewhenrecording","displayName":"録音時のサンプリング ビット数を指定する","explainText":"オーディオ録音時に使用される既定のサンプリング ビット数 (kbps) を指定します。適切なコーデックが見つかった場合、[ファイル] タブ | [オプション] | [オーディオおよびビデオ] に表示されるリンクされたオーディオの [形式] 設定 でこの値が既定のビット深度として使用されます。","tags":["L_AudioandVideo","L_OneNoteOptions","L_MicrosoftOfficeOneNote"],"application":"onent16","key":"software\\microsoft\\office\\16.0\\onenote\\options\\audio"},{"parentCategory":{"ref":"L_AudioandVideo"},"supportedOn":{"ref":"windows:SUPPORTED_Windows7"},"elements":{"items":[{"valueName":"defaultsamplerate","minValue":8,"minValueSpecified":true,"maxValue":192,"maxValueSpecified":true,"inputType":"decimalTextBox","caption":"レート (ビット数/秒):","id":"L_BitsSecond"}]},"name":"L_Specifyratetosampleaudiobitssecond","displayName":"オーディオのサンプリング レートを指定する (ビット数/秒)","explainText":"オーディオ録音時に使用される既定のサンプリング レート (kHz) を指定します。適切なコーデックが見つかった場合、[ファイル] タブ | [オプション] | [オーディオおよびビデオ] に表示されるリンクされたオーディオの [形式] 設定でこの値が既定のサンプリング レートとして使用されます。","tags":["L_AudioandVideo","L_OneNoteOptions","L_MicrosoftOfficeOneNote"],"application":"onent16","key":"software\\microsoft\\office\\16.0\\onenote\\options\\audio"},{"parentCategory":{"ref":"L_AudioandVideo"},"supportedOn":{"ref":"windows:SUPPORTED_Windows7"},"elements":{"items":[{"valueName":"defaultchannels","minValue":1,"minValueSpecified":true,"maxValue":2,"maxValueSpecified":true,"inputType":"decimalTextBox","caption":"チャネル (1 または 2):","id":"L_Channels12"}]},"name":"L_Specifynumberofchannelstorecord","displayName":"録音するチャネルの数を指定する","explainText":"オーディオ録音時に使用するチャネル (1 または 2) を指定します。適切なコーデックが見つかった場合、[ファイル] タブ | [オプション] | [オーディオおよびビデオ] に表示されるリンクされたオーディオの [形式] 設定 でこの値が既定のチャネル数として使用されます。","tags":["L_AudioandVideo","L_OneNoteOptions","L_MicrosoftOfficeOneNote"],"application":"onent16","key":"software\\microsoft\\office\\16.0\\onenote\\options\\audio"},{"parentCategory":{"ref":"L_AudioandVideo"},"supportedOn":{"ref":"windows:SUPPORTED_Windows7"},"elements":{"items":[{"valueName":"rewind","minValue":0,"minValueSpecified":true,"maxValue":999,"maxValueSpecified":true,"inputType":"decimalTextBox","caption":"段落の始めから次の秒数巻き戻す:","id":"L_Rewindfromstartofparagraphbysec"}]},"name":"L_Rewindfromstartofparagraphbythefollowingnumberofseconds","displayName":"段落の始めから指定の秒数巻き戻す","explainText":"対応する UI オプションの値を設定します。","tags":["L_AudioandVideo","L_OneNoteOptions","L_MicrosoftOfficeOneNote"],"application":"onent16","key":"software\\microsoft\\office\\16.0\\onenote\\options\\audio"},{"parentCategory":{"ref":"L_AudioandVideo"},"supportedOn":{"ref":"windows:SUPPORTED_Windows7"},"elements":{"items":[{"item":[{"value":{"string":"Windows Media Video 8 for Color Pocket PCs (150 Kbps)"},"displayName":"カラー Pocket PC (150 Kbps)"},{"value":{"string":"Windows Media Video 8 for Dial-up Modems or Single-channel ISDN (28.8 to 56 Kbps)"},"displayName":"ダイヤルアップ モデムまたは単一チャネル ISDN (28.8 ～ 56 Kbps)"},{"value":{"string":"Windows Media Video 8 for LAN, Cable Modem, or xDSL (100 to 768 Kbps)"},"displayName":"LAN、ケーブル モデム、または xDSL (100 ～ 768 Kbps)"},{"value":{"string":"Windows Media Video 8 for Dial-up Modems or LAN (28.8 to 100 Kbps)"},"displayName":"ダイヤルアップ モデムまたは LAN (28.8 ～ 100 Kbps)"},{"value":{"string":"Windows Media Video 8 for Dial-up Modems (28.8 Kbps)"},"displayName":"ダイヤルアップ モデム (28.8 Kbps)"},{"value":{"string":"Windows Media Video 8 for Dial-up Modems (56 Kbps)"},"displayName":"ダイヤルアップ モデム (56 Kbps)"},{"value":{"string":"Windows Media Video 8 for Local Area Network (100 Kbps)"},"displayName":"ローカル エリア ネットワーク (100 Kbps)"},{"value":{"string":"Windows Media Video 8 for Local Area Network (256 Kbps)"},"displayName":"ローカル エリア ネットワーク (256 Kbps)"},{"value":{"string":"Windows Media Video 8 for Local Area Network (384 Kbps)"},"displayName":"ローカル エリア ネットワーク (384 Kbps)"},{"value":{"string":"Windows Media Video 8 for Broadband (NTSC, 700 Kbps)"},"displayName":"ブロードバンド (NTSC、700 Kbps)"},{"value":{"string":"Windows Media Video 8 for Broadband (NTSC, 1400 Kbps)"},"displayName":"ブロードバンド (NTSC, 1400 Kbps)"},{"value":{"string":"Windows Media Video 8 for Broadband (PAL, 384 Kbps)"},"displayName":"ブロードバンド (PAL、384 Kbps)"},{"value":{"string":"Windows Media Video 8 for Broadband (PAL, 700 Kbps)"},"displayName":"ブロードバンド (PAL、700 Kbps)"}],"valueName":"videocaptureprofile","inputType":"dropdownList","caption":"Windows Media Video 8 コーデックを選択してください:","id":"L_ChoosetheWindowsMediaVideo8codec"}]},"name":"L_ChoosedefaultcodectobeusedforVideonotebook","displayName":"ビデオ ノートブックに使用する既定のコーデックの選択","explainText":"この設定では、OneNote で作成されるビデオ録画に使用される既定のコーデックを指定します。","tags":["L_AudioandVideo","L_OneNoteOptions","L_MicrosoftOfficeOneNote"],"application":"onent16","key":"software\\microsoft\\office\\16.0\\onenote\\options\\audio"},{"parentCategory":{"ref":"L_Cryptography"},"supportedOn":{"ref":"windows:SUPPORTED_Windows7"},"elements":{"items":[{"valueName":"cipheralgorithm","required":true,"requiredSpecified":true,"expandableSpecified":false,"maxLengthSpecified":false,"inputType":"textBox","caption":"CNG 暗号アルゴリズム:","id":"L_SetCNGCipherAlgorithmID"}]},"name":"L_SetCNGCipherAlgorithm","displayName":"CNG 暗号アルゴリズムを設定する","explainText":"このポリシー設定では、使用する CNG 暗号アルゴリズムを構成できます。\n\nこのポリシー設定を有効にし、暗号がサポートされているアルゴリズムであった場合、入力した暗号が使用されます。\n\nこのポリシー設定を無効にするか、または未構成にした場合、AES が使用されます。","tags":["L_Cryptography","L_Security","L_OneNoteOptions","L_MicrosoftOfficeOneNote"],"application":"onent16","key":"software\\microsoft\\office\\16.0\\onenote\\security\\crypto"},{"parentCategory":{"ref":"L_Cryptography"},"supportedOn":{"ref":"windows:SUPPORTED_Windows7"},"elements":{"items":[{"item":[{"value":{"string":"ChainingModeCBC"},"displayName":"暗号ブロック チェーン (CBC)"},{"value":{"string":"ChainingModeCFB"},"displayName":"暗号フィードバック (CFB)"}],"valueName":"cipherchaining","inputType":"dropdownList","id":"L_ConfigureCNGCipherChainingModeDropID"}]},"name":"L_ConfigureCNGCipherChainingMode","displayName":"CNG 暗号チェーン モードを構成する","explainText":"このポリシー設定では、使用する暗号チェーン モードを構成できます。\n\nこのポリシー設定を有効にした場合、指定した暗号チェーン モードが適用されます。\n\nこのポリシー設定を無効にするか、または未構成にした場合、暗号ブロック チェーン (CBC) が既定の CNG 暗号チェーン モードとして使用されます。","tags":["L_Cryptography","L_Security","L_OneNoteOptions","L_MicrosoftOfficeOneNote"],"application":"onent16","key":"software\\microsoft\\office\\16.0\\onenote\\security\\crypto"},{"parentCategory":{"ref":"L_Cryptography"},"supportedOn":{"ref":"windows:SUPPORTED_Windows7"},"elements":{"items":[{"valueName":"cipherkeybits","minValue":0,"minValueSpecified":true,"maxValue":1000000,"maxValueSpecified":true,"inputType":"decimalTextBox","caption":"暗号キーの長さ","id":"L_SetCNGCipherKeyLengthSpinID"}]},"name":"L_SetCNGCipherKeyLength","displayName":"CNG 暗号キーの長さを設定する","explainText":"このポリシー設定では、暗号キーを作成する際に使用するビット数を構成できます。この数字は 8 の倍数に切り捨てられます。\n\nこのポリシー設定を有効にした場合、指定したキー ビットが使用されます。\n\nこのポリシー設定を無効にするか、または未構成にした場合、既定値が使用されます。","tags":["L_Cryptography","L_Security","L_OneNoteOptions","L_MicrosoftOfficeOneNote"],"application":"onent16","key":"software\\microsoft\\office\\16.0\\onenote\\security\\crypto"},{"parentCategory":{"ref":"L_Cryptography"},"supportedOn":{"ref":"windows:SUPPORTED_Windows7"},"elements":{"items":[{"item":[{"value":{"decimal":{"value":0}},"displayName":"以前の形式を使用する"},{"value":{"decimal":{"value":1}},"displayName":"次世代の形式を使用する"},{"value":{"decimal":{"value":2}},"displayName":"すべてのファイルを次世代形式で保存する"}],"valueName":"compatmode","inputType":"dropdownList","id":"L_SpecifyEncryptionCompatibilityDropID"}]},"name":"L_SpecifyEncryptionCompatibility","displayName":"暗号化の互換性を指定する","explainText":"このポリシー設定では、暗号化されたデータベースの互換性を指定できます。\n\nこのポリシー設定を有効にすると、新しいファイルの暗号化中に指定した互換性の形式が適用されます。\n- 以前の形式を使用する\n- 次世代の形式を使用する\n- すべてのファイルを次世代の形式で保存する\n\nこのポリシー設定を無効にするか、未構成にした場合、既定の設定 ([次世代の形式を使用する]) が適用されます。","tags":["L_Cryptography","L_Security","L_OneNoteOptions","L_MicrosoftOfficeOneNote"],"application":"onent16","key":"software\\microsoft\\office\\16.0\\onenote\\security\\crypto"},{"parentCategory":{"ref":"L_Cryptography"},"supportedOn":{"ref":"windows:SUPPORTED_Windows7"},"elements":{"items":[{"valueName":"context","required":true,"requiredSpecified":true,"expandableSpecified":false,"maxLengthSpecified":false,"inputType":"textBox","caption":"パラメーター","id":"L_SetParametersForCNGContextID"}]},"name":"L_SetParametersForCNGContext","displayName":"CNG コンテキストにパラメーターを設定する","explainText":"このポリシー設定では、CNG コンテキストに使用する必要がある暗号化パラメーターを指定できます。\n\nこのポリシー設定を有効にすると、指定したパラメーターが CNG コンテキストに渡されます。\n\nこのポリシー設定を無効にするか、未構成にした場合、既定の CNG の値が使用されます。","tags":["L_Cryptography","L_Security","L_OneNoteOptions","L_MicrosoftOfficeOneNote"],"application":"onent16","key":"software\\microsoft\\office\\16.0\\onenote\\security\\crypto"},{"parentCategory":{"ref":"L_Cryptography"},"supportedOn":{"ref":"windows:SUPPORTED_Windows7"},"elements":{"items":[{"item":[{"value":{"string":"SHA1"},"displayName":"SHA1"},{"value":{"string":"SHA256"},"displayName":"SHA256"},{"value":{"string":"SHA384"},"displayName":"SHA384"},{"value":{"string":"SHA512"},"displayName":"SHA512"}],"valueName":"hashalgorithm","inputType":"dropdownList","id":"L_SpecifyCNGHashAlgorithmDropID"}]},"name":"L_SpecifyCNGHashAlgorithm","displayName":"CNG ハッシュ アルゴリズムを指定する","explainText":"このポリシー設定では、使用するハッシュ アルゴリズムを指定できます。\n\nこのポリシー設定を有効にすると、選択したハッシュ アルゴリズムが CNG で使用されます。\n\nこのポリシー設定を無効にするか、未構成にした場合、既定の CNG ハッシュアルゴリズムが使用されます。","tags":["L_Cryptography","L_Security","L_OneNoteOptions","L_MicrosoftOfficeOneNote"],"application":"onent16","key":"software\\microsoft\\office\\16.0\\onenote\\security\\crypto"},{"parentCategory":{"ref":"L_Cryptography"},"supportedOn":{"ref":"windows:SUPPORTED_Windows7"},"elements":{"items":[{"valueName":"passwordspincount","minValue":0,"minValueSpecified":true,"maxValue":10000000,"maxValueSpecified":true,"inputType":"decimalTextBox","id":"L_SetCNGPasswordSpinCountSpinID"}]},"name":"L_SetCNGPasswordSpinCount","displayName":"CNG パスワードのスピン数を設定する","explainText":"このポリシー設定では、パスワード検証をスピンする (リハッシュする) 回数を指定できます。\n\nこのポリシー設定を有効にすると、指定した数字がパスワードをリハッシュする回数になります。\n\nこのポリシー設定を無効にするか、未構成にした場合、既定 (100,000) が使用されます。","tags":["L_Cryptography","L_Security","L_OneNoteOptions","L_MicrosoftOfficeOneNote"],"application":"onent16","key":"software\\microsoft\\office\\16.0\\onenote\\security\\crypto"},{"parentCategory":{"ref":"L_Cryptography"},"supportedOn":{"ref":"windows:SUPPORTED_Windows7"},"elements":{"items":[{"valueName":"rngalgorithm","required":true,"requiredSpecified":true,"expandableSpecified":false,"maxLengthSpecified":false,"inputType":"textBox","caption":"乱数ジェネレーター:","id":"L_SpecifyCNGRandomNumberGeneratorAlgorithmID"}]},"name":"L_SpecifyCNGRandomNumberGeneratorAlgorithm","displayName":"CNG 乱数ジェネレーター アルゴリズムを指定する","explainText":"このポリシー設定では、使用する CNG 乱数ジェネレーターを構成できます。\n\nこのポリシー設定を有効にした場合、指定した乱数ジェネレーターが使用されます。\n\nこのポリシー設定を無効にするか、または未構成にした場合、既定の乱数ジェネレーターが使用されます。","tags":["L_Cryptography","L_Security","L_OneNoteOptions","L_MicrosoftOfficeOneNote"],"application":"onent16","key":"software\\microsoft\\office\\16.0\\onenote\\security\\crypto"},{"parentCategory":{"ref":"L_Cryptography"},"supportedOn":{"ref":"windows:SUPPORTED_Windows7"},"elements":{"items":[{"valueName":"saltbytes","minValue":0,"minValueSpecified":true,"maxValue":5000,"maxValueSpecified":true,"inputType":"decimalTextBox","caption":"バイト数","id":"L_SpecifyCNGSaltLengthSpinID"}]},"name":"L_SpecifyCNGSaltLength","displayName":"CNG ソルト長を指定する","explainText":"このポリシー設定では、使用する必要があるソルトのバイト数を指定できます。\n\nこのポリシー設定を有効にした場合、指定したバイトが使用されます。\n\nこのポリシー設定を無効にするか、未構成にした場合、既定の長さか、または 16 が使用されます。","tags":["L_Cryptography","L_Security","L_OneNoteOptions","L_MicrosoftOfficeOneNote"],"application":"onent16","key":"software\\microsoft\\office\\16.0\\onenote\\security\\crypto"},{"parentCategory":{"ref":"L_Save"},"supportedOn":{"ref":"windows:SUPPORTED_Windows7"},"elements":{"items":[{"valueName":"notebook root","requiredSpecified":false,"expandableSpecified":false,"maxLengthSpecified":false,"inputType":"textBox","caption":"","id":"L_empty1"}]},"name":"L_NotebookRoot","displayName":"ノートブックのルート","explainText":"新しいノートブックの既定の保存先を変更するには、ドキュメント フォルダー (またはマイ ドキュメント フォルダー) からの相対パスを入力します。","tags":["L_Save","L_OneNoteOptions","L_MicrosoftOfficeOneNote"],"application":"onent16","key":"software\\microsoft\\office\\16.0\\onenote\\options\\save"},{"parentCategory":{"ref":"L_Save"},"supportedOn":{"ref":"windows:SUPPORTED_Windows7"},"elements":{"items":[{"valueName":"unfilednotessection","requiredSpecified":false,"expandableSpecified":false,"maxLengthSpecified":false,"inputType":"textBox","caption":"ミニ ノートを開くセクション:","id":"L_OpenSideNotesinthissection"}]},"name":"L_Locationofunfilednotessection","displayName":"落書きノート セクションの場所","explainText":"OneNote の落書きノート セクションが保存される場所です。","tags":["L_Save","L_OneNoteOptions","L_MicrosoftOfficeOneNote"],"application":"onent16","key":"software\\microsoft\\office\\16.0\\onenote\\options\\paths"},{"parentCategory":{"ref":"L_Save"},"supportedOn":{"ref":"windows:SUPPORTED_Windows7"},"elements":{"items":[{"valueName":"backupfolderpath","requiredSpecified":false,"expandableSpecified":false,"maxLengthSpecified":false,"inputType":"textBox","caption":"バックアップ フォルダー:","id":"L_BackupFolder"}]},"name":"L_LocationofBackupFolder","displayName":"バックアップ フォルダーの場所","explainText":"対応する UI オプションの値を設定します。","tags":["L_Save","L_OneNoteOptions","L_MicrosoftOfficeOneNote"],"application":"onent16","key":"software\\microsoft\\office\\16.0\\onenote\\options\\paths"},{"parentCategory":{"ref":"L_Save"},"supportedOn":{"ref":"windows:SUPPORTED_Windows7"},"elements":{"items":[{"valueName":"percentfreespacebeforeoptimize","minValue":0,"minValueSpecified":true,"maxValue":100,"maxValueSpecified":true,"inputType":"decimalTextBox","caption":"比率 (%):","id":"L_EnterPercentage"}]},"name":"L_Percentageofunuseddiskspacetoallowinsections","displayName":"セクション内で最適化しない未使用ディスク領域の比率","explainText":"[セクション内で最適化しない未使用領域の比率 (%)] オプションの値を設定します。","tags":["L_Save","L_OneNoteOptions","L_MicrosoftOfficeOneNote"],"application":"onent16","key":"software\\microsoft\\office\\16.0\\onenote\\options\\save"},{"parentCategory":{"ref":"L_Password"},"supportedOn":{"ref":"windows:SUPPORTED_Windows7"},"enabledValue":{"decimal":{"value":0}},"disabledValue":{"decimal":{"value":1}},"name":"L_Disallowsaddonsaccesstopass","displayName":"パスワードで保護されたセクションに対するアドオンのアクセスを無効にする","explainText":"このオプションは、パスワードで保護されたセクションのロックが解除された場合でも、拡張アドオンからそのセクションにアクセスできないようにします。","tags":["L_Password","L_OneNoteOptions","L_MicrosoftOfficeOneNote"],"application":"onent16","key":"software\\microsoft\\office\\16.0\\onenote\\security","valueName":"allowaddinaccesstoencryptedfiles"},{"parentCategory":{"ref":"L_Password"},"supportedOn":{"ref":"windows:SUPPORTED_Windows7"},"enabledValue":{"decimal":{"value":1}},"disabledValue":{"decimal":{"value":0}},"name":"L_Disablepasswordprotectedsections","displayName":"パスワードで保護されたセクションの作成を無効にする","explainText":"パスワードで保護されるセクションを新しく作成する機能を無効にします。無効にしても、パスワードが設定された既存のセクションのロック解除および編集を行うことはできます。","tags":["L_Password","L_OneNoteOptions","L_MicrosoftOfficeOneNote"],"application":"onent16","key":"software\\microsoft\\office\\16.0\\onenote\\general","valueName":"passwordprotectiondisabled"},{"parentCategory":{"ref":"L_Password"},"supportedOn":{"ref":"windows:SUPPORTED_Windows7"},"enabledValue":{"decimal":{"value":1}},"disabledValue":{"decimal":{"value":0}},"name":"L_LockpasswordprotectedsectionsassoonasInavigateawayfromthem","displayName":"パスワードで保護されたセクションから他のセクションへ移ったらすぐにロックする","explainText":"OneNote では、セクションをパスワードで保護できます。ユーザーがセクションのパスワードを入力するとロックが解除され、タイムアウト時間が経過するか他のセクションに移動すると、再びロックされます。このオプションを有効にすると、パスワードで保護されたセクションから他のセクションに移動したときにセクションがロックされます。","tags":["L_Password","L_OneNoteOptions","L_MicrosoftOfficeOneNote"],"application":"onent16","key":"software\\microsoft\\office\\16.0\\onenote\\security","valueName":"locksectionsimmediately"},{"parentCategory":{"ref":"L_Backup"},"supportedOn":{"ref":"windows:SUPPORTED_Windows7"},"elements":{"items":[{"valueName":"backupnumberofbackupstokeep","minValue":0,"minValueSpecified":true,"maxValue":1000,"maxValueSpecified":true,"inputType":"decimalTextBox","caption":"保持するバックアップの数","id":"L_numberofbackupcopiestokeep2"}]},"name":"L_Numberofbackupcopiestokeep","displayName":"保持するバックアップの数","explainText":"対応する UI オプションの値を設定します。","tags":["L_Backup","L_OneNoteOptions","L_MicrosoftOfficeOneNote"],"application":"onent16","key":"software\\microsoft\\office\\16.0\\onenote\\options\\save"},{"parentCategory":{"ref":"L_SendToOneNote"},"supportedOn":{"ref":"windows:SUPPORTED_Windows7"},"enabledValue":{"decimal":{"value":1}},"disabledValue":{"decimal":{"value":0}},"name":"L_DisableOutlooksendemailtoOneNoteoption","displayName":"Outlook から OneNote に電子メールを送信するオプションを無効にする","explainText":"このポリシーによって、Microsoft Outlook で使用される OneNote の [OneNote に送る] アドインを無効にします。既定では Outlook のツール バーにアドインがインストールされ、ユーザーが電子メールを OneNote に送れるようになります。[OneNote に送る] ボタンは Outlook のメインのメール モジュールに表示され、電子メール メッセージを表示するときにも表示されます。このポリシーを使用して、この機能を無効にすることができます。","tags":["L_SendToOneNote","L_OneNoteOptions","L_MicrosoftOfficeOneNote"],"application":"onent16","key":"software\\microsoft\\office\\16.0\\onenote\\options\\outlookandweb","valueName":"disablesendemailtoonenote"},{"parentCategory":{"ref":"L_Addins"},"supportedOn":{"ref":"windows:SUPPORTED_Windows7"},"enabledValue":{"decimal":{"value":1}},"disabledValue":{"decimal":{"value":0}},"name":"L_DisableOneNoteCOMAPI","displayName":"OneNote COM API を無効にする","explainText":"OneNote COM API を無効にします。これにより、COM API を使用するアドオン アプリケーションが無効になります。Outlook から OneNote に情報を送る機能など、この API を使用する他の機能も使用できなくなることに注意してください。","tags":["L_Addins","L_OneNoteOptions","L_MicrosoftOfficeOneNote"],"application":"onent16","key":"software\\microsoft\\office\\16.0\\onenote\\security","valueName":"disablecomapi"},{"parentCategory":{"ref":"L_Addins"},"supportedOn":{"ref":"windows:SUPPORTED_Windows7"},"enabledValue":{"decimal":{"value":1}},"disabledValue":{"decimal":{"value":0}},"name":"L_DisableinstalledOneNoteaddins","displayName":"インストールされている OneNote アドインを無効にする","explainText":"インストールされているすべての OneNote アドインを無効にします。","tags":["L_Addins","L_OneNoteOptions","L_MicrosoftOfficeOneNote"],"application":"onent16","key":"software\\microsoft\\office\\16.0\\onenote\\security","valueName":"disablealladdins"},{"parentCategory":{"ref":"L_Spelling"},"supportedOn":{"ref":"windows:SUPPORTED_Windows7"},"elements":{"items":[{"item":[{"value":{"decimal":{"value":0}},"displayName":"スペル チェックを行わない"},{"value":{"decimal":{"value":1}},"displayName":"入力時にスペル チェックを行う"},{"value":{"decimal":{"value":2}},"displayName":"スペル チェックの結果を表示しない"},{"value":{"decimal":{"value":3}},"displayName":"スペル チェックを行うが結果を表示しない"}],"valueName":"onenotespellingoptions","inputType":"dropdownList","id":"L_empty11"}]},"name":"L_OneNoteSpellingOptions","displayName":"OneNote のスペル チェックのオプション","explainText":"[ファイル] タブ | オプション | [文章校正] ダイアログ ボックスに表示される [OneNote のスペル チェック] オプションを変更します。","tags":["L_Spelling","L_OneNoteOptions","L_MicrosoftOfficeOneNote"],"application":"onent16","key":"software\\microsoft\\shared tools\\proofing tools\\1.0\\office"},{"parentCategory":{"ref":"L_VersionsAndRecyleBin"},"supportedOn":{"ref":"windows:SUPPORTED_Windows7"},"enabledValue":{"decimal":{"value":0}},"disabledValue":{"decimal":{"value":1}},"name":"L_TurnOffVersionsAndNotebookRecycleBinInSharedNotebooks","displayName":"共有ノートブックのバージョンとノートブックのごみ箱をオフにする","explainText":"このポリシー設定では、バージョンとノートブックのごみ箱を含むバージョン履歴をオフにできます。2016 形式のノートブックでは、OneNote はノートブックの以前のバージョンのページを自動的に保存し、削除したすべてのページとセクションのごみ箱を保存します。\n\nこのポリシー設定を有効にした場合、バージョン履歴がオフになります。\n\nこのポリシー設定を無効にするか、未構成にした場合、OneNote は以前のバージョンを既定で保存します。","tags":["L_VersionsAndRecyleBin","L_OneNoteOptions","L_MicrosoftOfficeOneNote"],"application":"onent16","key":"software\\microsoft\\office\\16.0\\onenote\\options\\versions","valueName":"enablehistory"},{"parentCategory":{"ref":"L_VersionsAndRecyleBin"},"supportedOn":{"ref":"windows:SUPPORTED_Windows7"},"enabledValue":{"decimal":{"value":0}},"disabledValue":{"decimal":{"value":1}},"name":"L_DoNotPruneVersionsOverTime","displayName":"一定期間経過したバージョンを排除しない","explainText":"このポリシー設定では、OneNote の自動排除機能をオフにします。2016 形式のノートブックでは、ノートブックの以前のバージョンのページを自動的に保存します。さらに、削除したすべてのページとセクションのごみ箱も保存します。\n\nこのポリシー設定を有効にした場合、OneNote は以前のバージョンを排除しません。\n\nこのポリシー設定を無効にするか、未構成にした場合、OneNote は以前のバージョンを排除します。既定値では、一定期間を経過したバージョンを排除します。OneNote で以前のバージョンを排除しない場合にのみ、このポリシー設定を有効にしてください。","tags":["L_VersionsAndRecyleBin","L_OneNoteOptions","L_MicrosoftOfficeOneNote"],"application":"onent16","key":"software\\microsoft\\office\\16.0\\onenote\\options\\versions","valueName":"pruneversionsovertime"},{"parentCategory":{"ref":"L_VersionsAndRecyleBin"},"supportedOn":{"ref":"windows:SUPPORTED_Windows7"},"elements":{"items":[{"valueName":"daysofallversions","minValue":0,"minValueSpecified":true,"maxValue":365,"maxValueSpecified":true,"inputType":"decimalTextBox","caption":"遡及日数","id":"L_DaysOfAllVersionsSpinID"}]},"name":"L_DaysOfAllVersions","displayName":"すべてのバージョン履歴項目を排除操作から除外する日数","explainText":"このポリシー設定では、OneNote が包括的なバージョン履歴ページを保存する期間を指定します。指定した期間が経過すると、OneNote は、使用領域の少ない、より基本的なバージョン履歴ページを保存します。\n\nこのポリシー設定を有効にした場合、OneNote は、包括的なバージョン履歴ページを指定した日数の間保存し、その期間が経過すると、基本的なバージョン履歴ページを保存します。\n\nこのポリシー設定を無効にするか、未構成にした場合、OneNote は包括的なバージョン履歴ページを 2 日間保存し、その期間が経過すると、基本的なバージョン履歴ページを保存します。\n      ","tags":["L_VersionsAndRecyleBin","L_OneNoteOptions","L_MicrosoftOfficeOneNote"],"application":"onent16","key":"software\\microsoft\\office\\16.0\\onenote\\options\\versions"},{"parentCategory":{"ref":"L_VersionsAndRecyleBin"},"supportedOn":{"ref":"windows:SUPPORTED_Windows7"},"elements":{"items":[{"valueName":"daysofhourlyversions","minValue":0,"minValueSpecified":true,"maxValue":365,"maxValueSpecified":true,"inputType":"decimalTextBox","caption":"遡及日数","id":"L_DaysOfHourlyVersionsNotToPruneAfterDaysBackSpinID"}]},"name":"L_DaysOfHourlyVersionsNotToPruneAfterDaysBack","displayName":"[遡及日数] の設定後に時間単位のバージョンを排除しない日数","explainText":"このポリシー設定では、[遡及日数] の設定後に排除しない時間単位のバージョンの数を設定できます。2016 形式のノートブックでは、OneNote はノートブックの以前のバージョンのページを自動的に保存します。さらに、削除したすべてのページとセクションのごみ箱も保存します。\n\nこのポリシー設定を有効にした場合、[遡及日数] 設定後に時間単位のバージョンを保存する日数を指定できます。この値は時間単位のバージョン履歴情報を保存する \"DaysOfAllVersions\" の日数を指定します。ユーザーは、\"DaysOfAllVersions\" 後のこの日数の間、1 時間ごとに 1 バージョンを保存します。\n\nこのポリシー設定を無効にするか、未構成にした場合、OneNote は過去 5 日間の時間単位のバージョンを保存します。","tags":["L_VersionsAndRecyleBin","L_OneNoteOptions","L_MicrosoftOfficeOneNote"],"application":"onent16","key":"software\\microsoft\\office\\16.0\\onenote\\options\\versions"},{"parentCategory":{"ref":"L_VersionsAndRecyleBin"},"supportedOn":{"ref":"windows:SUPPORTED_Windows7"},"elements":{"items":[{"valueName":"maxuniquedayversions","minValue":0,"minValueSpecified":true,"maxValue":365,"maxValueSpecified":true,"inputType":"decimalTextBox","caption":"バージョンの最大数","id":"L_MaximumNumberOfOncePerDayVersionHistoryItemsKeptSpinID"}]},"name":"L_MaximumNumberOfOncePerDayVersionHistoryItemsKept","displayName":"1 日 1 回保存されるバージョン履歴アイテムの最大数","explainText":"このポリシー設定では、1 日 1 回保存される各ページの履歴アイテムの数を設定できます。2016 形式のノートブックでは、OneNote はノートブックの以前のバージョンのページを自動的に保存します。さらに、削除したすべてのページとセクションのごみ箱も保存します。\n\nこのポリシー設定を有効にした場合、1 日に保存されるバージョン数を設定できます。値を -1 に設定した場合、OneNote は 1 日 1 回保存された古いバージョン履歴アイテムをすべて保存します。\n \nこのポリシー設定を無効にするか、未構成にした場合、OneNote は過去 10 日間のページを保存します。","tags":["L_VersionsAndRecyleBin","L_OneNoteOptions","L_MicrosoftOfficeOneNote"],"application":"onent16","key":"software\\microsoft\\office\\16.0\\onenote\\options\\versions"},{"parentCategory":{"ref":"L_VersionsAndRecyleBin"},"supportedOn":{"ref":"windows:SUPPORTED_Windows7"},"elements":{"items":[{"valueName":"deleteallversionsafter","minValue":0,"minValueSpecified":true,"maxValue":365,"maxValueSpecified":true,"inputType":"decimalTextBox","caption":"バージョンを保存する遡及日数","id":"L_DaysBackToKeepInVersionHistorySpinID"}]},"name":"L_DaysBackToKeepInVersionHistory","displayName":"バージョン履歴に保存する遡及日数","explainText":"このポリシー設定では、この値より前に作成されたすべてのバージョン履歴アイテムが削除されるまでの日数を設定できます。2016 形式のノートブックでは、OneNote はノートブックの以前のバージョンのページを自動的に保存し、削除したすべてのページとセクションをごみ箱に保存します。\n\nこのポリシー設定を有効にした場合、バージョン履歴をさかのぼって削除する日数を設定できます。\n\nこのポリシー設定を無効にするか、未構成にした場合、既定で以前のすべてのバージョンを保存します。この既定値は -1 です。","tags":["L_VersionsAndRecyleBin","L_OneNoteOptions","L_MicrosoftOfficeOneNote"],"application":"onent16","key":"software\\microsoft\\office\\16.0\\onenote\\options\\versions"},{"parentCategory":{"ref":"L_VersionsAndRecyleBin"},"supportedOn":{"ref":"windows:SUPPORTED_Windows7"},"elements":{"items":[{"valueName":"daystokeeprecycleditems","minValue":0,"minValueSpecified":true,"maxValue":365,"maxValueSpecified":true,"inputType":"decimalTextBox","caption":"ごみ箱の中のアイテムを保存する遡及日数","id":"L_DaysBackToKeepItemsInRecycleBinSpinID"}]},"name":"L_DaysBackToKeepItemsInRecycleBin","displayName":"ごみ箱の中のアイテムを保存する遡及日数","explainText":"このポリシー設定では、バージョン履歴が排除される際に、値より前にごみ箱に追加されたすべてのアイテムが削除されるまでの日数を設定できます。2016 形式のノートブックでは、ノートブックの以前のバージョンのページを自動的に保存し、削除したすべてのページとセクションのごみ箱を保存します。\n\nこのポリシー設定を有効にした場合、過去何日間のアイテムをごみ箱に保存しておくかを設定できます。\n\nこのポリシー設定を未構成にした場合、OneNote は既定値として過去 60 日間が設定されます。","tags":["L_VersionsAndRecyleBin","L_OneNoteOptions","L_MicrosoftOfficeOneNote"],"application":"onent16","key":"software\\microsoft\\office\\16.0\\onenote\\options\\versions"},{"parentCategory":{"ref":"L_Other"},"supportedOn":{"ref":"windows:SUPPORTED_Windows7"},"elements":{"items":[{"valueName":"folderpollinterval","minValue":1,"minValueSpecified":true,"maxValue":3600,"maxValueSpecified":true,"inputType":"decimalTextBox","caption":"サーバーのポーリング間隔 (秒)","id":"L_SetUNCIntervalToPollForChangesOnFileServersSpinID"}]},"name":"L_SetUNCIntervalToPollForChangesOnFileServers","displayName":"サーバー上の変更をポーリングする間隔を設定する","explainText":"このポリシー設定では、サーバー上の変更を OneNote がポーリングする同期間隔を変更できます。OneNote が UNC (SMB または Windows ファイル共有とも呼ばれます) のノートブックを同期する際に、ファイル サーバーから通知を受信し、サーバー上の更新を待機しているサーバーにポーリングします。\n\n間隔を短くすると、OneNote の同期は速くなりますが、サーバー上でパフォーマンスの問題が発生する可能性があります。\n\nこのポリシー設定を有効にした場合、OneNote がポーリングする秒数を指定できます。\n\nこのポリシー設定を無効にするか、未構成にした場合、OneNote は自動的に 30 秒ごとにポーリングします。","tags":["L_Other","L_OneNoteOptions","L_MicrosoftOfficeOneNote"],"application":"onent16","key":"software\\microsoft\\office\\16.0\\onenote\\options\\save"},{"parentCategory":{"ref":"L_Other"},"supportedOn":{"ref":"windows:SUPPORTED_Windows7"},"enabledValue":{"decimal":{"value":0}},"disabledValue":{"decimal":{"value":1}},"name":"L_TurnOffOneNoteAutoLinkedNoteTaking","displayName":"リンク ノートの自動作成をオフにする","explainText":"このポリシー設定では、Web ページや Word 文書などのアイテムにノートを作成できる自動ノートの作成機能をオフにできます。OneNote はこのノートを作成する際に表示したページまたは文書を自動的に記録します。\n\nこのポリシー設定を有効にした場合、ユーザーがこの機能をオンにしようとしても、OneNote は自動的にノートをリンクしません。\n\nこのポリシー設定を無効にするか、未構成にした場合、ユーザーがこの機能をオンにしようとすると、OneNote は自動的にノートをリンクします。","tags":["L_Other","L_OneNoteOptions","L_MicrosoftOfficeOneNote"],"application":"onent16","key":"software\\microsoft\\office\\16.0\\onenote\\options\\linkednotes","valueName":"autolink"},{"parentCategory":{"ref":"L_Other"},"supportedOn":{"ref":"windows:SUPPORTED_Windows7"},"enabledValue":{"decimal":{"value":1}},"disabledValue":{"decimal":{"value":0}},"name":"L_DisableOCR","displayName":"OCR を無効にする","explainText":"このポリシーでは、OneNote の画像の文字自動認識 (OCR) 機能を無効にします。OCR 機能を使用すると、自動的に OneNote の画像内のテキストをスキャンして検索結果を表示することができます。","tags":["L_Other","L_OneNoteOptions","L_MicrosoftOfficeOneNote"],"application":"onent16","key":"software\\microsoft\\office\\16.0\\onenote\\options\\other","valueName":"disableocr"},{"parentCategory":{"ref":"L_Other"},"supportedOn":{"ref":"windows:SUPPORTED_Windows7"},"elements":{"items":[{"valueName":"blockedextensions","requiredSpecified":false,"expandableSpecified":false,"maxLengthSpecified":false,"inputType":"textBox","caption":"","id":"L_empty12"}]},"name":"L_EmbeddedFilesBlockedExtensions","displayName":"ブロックする埋め込みファイルの拡張子","explainText":"組織のユーザーが、特定のファイル形式の添付ファイルを Microsoft OneNote ページから開けないようにするには、対象の拡張子を \".ext1;.ext2;\" 形式で追加します。すべての添付ファイルを OneNote ページから開けないようにするには、[埋め込みファイルを無効にする] ポリシーを参照してください。埋め込みオーディオおよびビデオ (WMA & WMV) はこのポリシーではブロックできないため、[埋め込みファイルを無効にする] ポリシーを参照してください。","tags":["L_Other","L_OneNoteOptions","L_MicrosoftOfficeOneNote"],"application":"onent16","key":"software\\microsoft\\office\\16.0\\onenote\\options\\embeddedfileopenoptions"},{"parentCategory":{"ref":"L_Other"},"supportedOn":{"ref":"windows:SUPPORTED_Windows7"},"elements":{"items":[{"valueName":"addnotebooks","requiredSpecified":false,"expandableSpecified":false,"maxLengthSpecified":false,"inputType":"textBox","caption":"","id":"L_empty13"}]},"name":"L_Loadanotebookonfirstboot","displayName":"初回起動時にノートブックを読み込む","explainText":"初回起動時に読み込む必要のあるノートブックの保存先フォルダーを指定します。","tags":["L_Other","L_OneNoteOptions","L_MicrosoftOfficeOneNote"],"application":"onent16","key":"software\\microsoft\\office\\16.0\\onenote\\options\\other"},{"parentCategory":{"ref":"L_Other"},"supportedOn":{"ref":"windows:SUPPORTED_Windows7"},"enabledValue":{"decimal":{"value":1}},"disabledValue":{"decimal":{"value":0}},"name":"L_Disableembeddedfiles","displayName":"埋め込みファイルを無効にする","explainText":"OneNote のページにファイルを埋め込む機能を無効にします。こうすることで、ユーザーはウイルス対策ソフトウェアなどに遮断されない可能性のあるファイルを送信できなくなります。注意: このポリシーは、OneNote の UI を使用してファイルを埋め込む場合にのみ有効です。ファイルがページに埋め込まれていた場合、OneNote ではこの埋め込みファイルが同期され、ファイル システムに複製されます。","tags":["L_Other","L_OneNoteOptions","L_MicrosoftOfficeOneNote"],"application":"onent16","key":"software\\microsoft\\office\\16.0\\onenote\\options","valueName":"disableembeddedfiles"},{"parentCategory":{"ref":"L_Other"},"supportedOn":{"ref":"windows:SUPPORTED_Windows7"},"enabledValue":{"decimal":{"value":1}},"disabledValue":{"decimal":{"value":0}},"name":"L_DisableOneNotescreenclippingnotifications","displayName":"OneNote の画面の領域の通知を無効にする","explainText":"OneNote の画面の領域の通知をすべて無効にします。","tags":["L_Other","L_OneNoteOptions","L_MicrosoftOfficeOneNote"],"application":"onent16","key":"software\\microsoft\\office\\16.0\\onenote\\options\\other","valueName":"disablescreenclippingballoon"},{"parentCategory":{"ref":"L_Other"},"supportedOn":{"ref":"windows:SUPPORTED_Windows7"},"enabledValue":{"decimal":{"value":1}},"disabledValue":{"decimal":{"value":0}},"name":"L_DisableOneNoteScreenClippings","displayName":"OneNote の画面の領域の取り込み機能を無効にする","explainText":"OneNote の画面の領域の取り込み機能を無効にします。","tags":["L_Other","L_OneNoteOptions","L_MicrosoftOfficeOneNote"],"application":"onent16","key":"software\\microsoft\\office\\16.0\\onenote\\options\\other","valueName":"disablescreenclippings"},{"parentCategory":{"ref":"L_Other"},"supportedOn":{"ref":"windows:SUPPORTED_Windows7"},"elements":{"items":[{"valueName":"inaccessibleserverdaysbeforewarn","minValue":0,"minValueSpecified":true,"maxValue":30,"maxValueSpecified":true,"inputType":"decimalTextBox","id":"L_empty14"}]},"name":"L_Numberofdaysbeforewarningthatserveris","displayName":"サーバーにアクセスできないことを警告するまでの日数","explainText":"サーバーにアクセスできないことを警告し、影響を受けるファイルの新しい場所を確認するメッセージを OneNote で表示するまでの日数を指定します。","tags":["L_Other","L_OneNoteOptions","L_MicrosoftOfficeOneNote"],"application":"onent16","key":"software\\microsoft\\office\\16.0\\onenote\\options\\synchronization"},{"parentCategory":{"ref":"L_Other"},"supportedOn":{"ref":"windows:SUPPORTED_Windows7"},"elements":{"items":[{"valueName":"sharepointsyncinterval","minValue":10,"minValueSpecified":true,"maxValue":604800,"maxValueSpecified":true,"inputType":"decimalTextBox","id":"L_empty15"}]},"name":"L_SharePointsyncinterval","displayName":"SharePoint に保存されているノートブックの SharePoint 同期間隔","explainText":"セクションの変更を確認するために OneNote から SharePoint サイトに対して行うポーリングの回数を制限します。同期間隔を秒単位で入力してください。","tags":["L_Other","L_OneNoteOptions","L_MicrosoftOfficeOneNote"],"application":"onent16","key":"software\\microsoft\\office\\16.0\\onenote\\options\\save"},{"parentCategory":{"ref":"L_Other"},"supportedOn":{"ref":"windows:SUPPORTED_Windows7"},"elements":{"items":[{"valueName":"sharepointbackgroundsyncintervalmultiplier","minValue":1,"minValueSpecified":true,"maxValue":10,"maxValueSpecified":true,"inputType":"decimalTextBox","id":"L_empty16"}]},"name":"L_SharePointbackgroundsyncintervalmultiplier","displayName":"SharePoint に保存されているノートブックのバックグラウンド同期間隔の乗数","explainText":"このポリシー設定では、ノートブックに対する変更について、SharePoint サイトのバックグラウンドのポーリングの間隔を長くすることができます。\n\nこのポリシー設定を有効にすると、ノートブック全体に対する変更について、SharePoint によるポーリング頻度が低くなります。間隔には、1 から 10 までの正の整数である入力値が乗算されます。間隔を大きくするとノートブックの同期が遅くなりますが、サーバーの負荷は軽減されます。\n\nこのポリシー設定を無効にするか、未構成にした場合、ノートブックは既定のレート (乗数の値 1) で同期されます。\n\nメモ: このポリシー設定は、Windows インストーラー (MSI) を使用する Office Professional Plus 2016 や Office Standard 2016 などの Office 2016 のボリューム ライセンス版にのみ適用されます。","tags":["L_Other","L_OneNoteOptions","L_MicrosoftOfficeOneNote"],"application":"onent16","key":"software\\microsoft\\office\\16.0\\onenote\\options\\save"},{"parentCategory":{"ref":"L_Other"},"supportedOn":{"ref":"windows:SUPPORTED_Windows7"},"elements":{"items":[{"valueName":"sharepointlivesyncintervalmultiplier","minValue":1,"minValueSpecified":true,"maxValue":10,"maxValueSpecified":true,"inputType":"decimalTextBox","id":"L_empty17"}]},"name":"L_SharePointlivesyncintervalmultiplier","displayName":"SharePoint に保存されている、現在表示されているセクションのフォアグラウンド同期間隔の乗数","explainText":"このポリシー設定では、現在表示されているセクションの変更について、SharePoint サイトのフォアグラウンドのポーリングの間隔を長くすることができます。\n\nこのポリシー設定を有効にすると、現在表示されているセクションの変更について、SharePoint によるポーリング頻度が低くなります。間隔には、1 から 10 までの正の整数である入力値が乗算されます。間隔を大きくするとセクションの同期が遅くなりますが、サーバーの負荷は軽減されます。\n\nこのポリシー設定を無効にするか、未構成にした場合、現在表示されているセクションは既定のレート (乗数の値 1) で同期されます。\n\nメモ: このポリシー設定は、Windows インストーラー (MSI) を使用する Office Professional Plus 2016 や Office Standard 2016 などの Office 2016 のボリューム ライセンス版にのみ適用されます。","tags":["L_Other","L_OneNoteOptions","L_MicrosoftOfficeOneNote"],"application":"onent16","key":"software\\microsoft\\office\\16.0\\onenote\\options\\save"},{"parentCategory":{"ref":"L_Other"},"supportedOn":{"ref":"windows:SUPPORTED_Windows7"},"elements":{"items":[{"valueName":"sharepointpresenceintervalmultiplier","minValue":1,"minValueSpecified":true,"maxValue":10,"maxValueSpecified":true,"inputType":"decimalTextBox","id":"L_empty18"}]},"name":"L_SharePointpresenceintervalmultiplier","displayName":"SharePoint に保存されているノートブックのプレゼンス同期間隔の乗数","explainText":"このポリシー設定を使用すると、SharePoint にポーリングする間隔を延長して、ノートブックのアクティブ ユーザーを決定できます。OneNote は、他のユーザーがノートブックと対話しているときに、より早くノートブックの同期を実行します。\n\nこのポリシー設定を有効にすると、SharePoint によるポーリング頻度が低くなり、他のユーザーがノートブックと対話しているかどうかが判断されなくなります。間隔には、1 から 10 までの正の整数である入力値が乗算されます。間隔を大きくすると、ノートブックの同時ユーザーの検出速度が低下しますが、サーバーの負荷は軽減されます。\n\nこのポリシー設定を無効にするか、未構成にした場合、OneNote はノートブックのアクティブ ユーザーについて、既定のレート (乗数値 1) でポーリングを行います。\n\nメモ: このポリシー設定は、Windows インストーラー (MSI) を使用する Office Professional Plus 2016 や Office Standard 2016 などの Office 2016 のボリューム ライセンス版にのみ適用されます。","tags":["L_Other","L_OneNoteOptions","L_MicrosoftOfficeOneNote"],"application":"onent16","key":"software\\microsoft\\office\\16.0\\onenote\\options\\save"},{"parentCategory":{"ref":"L_Other"},"supportedOn":{"ref":"windows:SUPPORTED_Windows7"},"elements":{"items":[{"item":[{"value":{"decimal":{"value":0}},"displayName":"インチ"},{"value":{"decimal":{"value":1}},"displayName":"cm"},{"value":{"decimal":{"value":2}},"displayName":"mm"},{"value":{"decimal":{"value":3}},"displayName":"ポイント"},{"value":{"decimal":{"value":4}},"displayName":"パイカ"}],"valueName":"measurementunit","inputType":"dropdownList","caption":"既定の単位を指定してください:","id":"L_Specifydefaultunitofmeasurement"}]},"name":"L_DefaultunitofmeasurementusedinOneNote","displayName":"OneNote で使用する既定の単位","explainText":"[使用する単位] オプションの値を設定します。","tags":["L_Other","L_OneNoteOptions","L_MicrosoftOfficeOneNote"],"application":"onent16","key":"software\\microsoft\\office\\16.0\\onenote\\options\\other"},{"parentCategory":{"ref":"L_Other"},"supportedOn":{"ref":"windows:SUPPORTED_Windows7"},"enabledValue":{"decimal":{"value":1}},"disabledValue":{"decimal":{"value":0}},"name":"L_AddOneNoteicontonotificationarea","displayName":"通知領域に OneNote のアイコンを追加する","explainText":"[タスク バーの通知領域に OneNote のアイコンを追加する] オプションをオンまたはオフにします。","tags":["L_Other","L_OneNoteOptions","L_MicrosoftOfficeOneNote"],"application":"onent16","key":"software\\microsoft\\office\\16.0\\onenote\\options\\other","valueName":"runsystemtrayapp"},{"parentCategory":{"ref":"L_Other"},"supportedOn":{"ref":"windows:SUPPORTED_Windows7"},"enabledValue":{"decimal":{"value":0}},"disabledValue":{"decimal":{"value":1}},"name":"L_NotebookPresence","displayName":"ノートブックのプレゼンス","explainText":"このポリシー設定では、OneNote のノートブックの同時編集を通知する機能を有効または無効にします。この機能を有効にすると、同じノートブックを複数のユーザーが操作していることがでユーザーに通知され、同じページを編集している複数のユーザーの編集内容がリアルタイムで同期されます。なお、このポリシーを変更しても、OneNote を再起動するまでは、その変更内容が反映されないので、ご注意ください。\n\nこのポリシー設定を有効にするか、未構成にした場合は、ノートブックの同じページを複数のユーザーが編集していると、ユーザーに通知が表示され、OneNote がリアルタイムで同期するようになります。\n\nこのポリシー設定を無効にした場合は、ノートブックの同じページを複数のユーザーが編集していても、通知は表示されず、OneNote はリアルタイムで同期する状態になりません。","tags":["L_Other","L_OneNoteOptions","L_MicrosoftOfficeOneNote"],"application":"onent16","key":"software\\microsoft\\office\\16.0\\onenote\\options","valueName":"disablepresence"},{"parentCategory":{"ref":"L_Other"},"supportedOn":{"ref":"windows:SUPPORTED_Windows7"},"elements":{"items":[{"valueName":"insertedfilesdisallowembeddingsizethreshold","minValue":10485760,"minValueSpecified":true,"maxValue":2147483648,"maxValueSpecified":true,"inputType":"decimalTextBox","id":"L_EmbeddedFileSizeLimit"}]},"name":"L_SpecifyEmbeddedFileSizeLimit","displayName":"埋め込みファイル サイズの上限","explainText":"このポリシー設定を使用すると、SharePoint サーバーにある OneNote ノートブックにユーザーが直接挿入できる埋め込みファイルの最大サイズを指定できます。\n \nこのポリシー設定を有効にすると、既定の最大ファイル サイズである 50 MB を増減できます。\n\nこの値を増やすと、ユーザーはサイズの大きいファイルを直接ノートブックに挿入できますが、サーバーのパフォーマンスが低下する場合があります。\n\nこの値を減らすと、ユーザーが直接ノートブックに挿入できるのはサイズの小さいファイルだけになりますが、OneNote の同期でトラフィックが増大している場合はサーバーのパフォーマンスが向上します。\n\nこのポリシー設定を無効にするか、未構成にした場合、ユーザーは 50 MB を超えるサイズのファイルを OneNote ノートブックに挿入できません。ファイルは SharePoint フォルダーにアップロードされ、ハイパーリンクとしてノートブックに挿入されます。","tags":["L_Other","L_OneNoteOptions","L_MicrosoftOfficeOneNote"],"application":"onent16","key":"software\\microsoft\\office\\16.0\\onenote\\general"},{"parentCategory":{"ref":"L_Other"},"supportedOn":{"ref":"windows:SUPPORTED_Windows_6_3_NOARM"},"enabledValue":{"decimal":{"value":1}},"disabledValue":{"decimal":{"value":0}},"name":"L_DisableSupportDiagnostics","displayName":"OneNote でサポート診断を無効にする","explainText":"このポリシー設定では、OneNote がエラー発生時にサポート サービスにクライアント情報を送信するかどうかを制御します。\n\nエラー発生時にサポート サービスにクライアント情報を送信すると、問題の診断、解決手順の提供、ユーザーへのコンテキスト エラー メッセージの表示に役立ちます。\n\nこのポリシー設定を有効にした場合、OneNote はエラー発生時にサポート サービスにクライアント情報を送信しません。\n\nこのポリシー設定を無効にした場合、または構成しなかった場合、OneNote はエラー発生時にサポート サービスにクライアント情報を送信します。\n\n注: このポリシー設定は、バージョン 2207 以降の OneNote にのみ適用されます。","tags":["L_Other","L_OneNoteOptions","L_MicrosoftOfficeOneNote"],"application":"onent16","key":"software\\microsoft\\office\\16.0\\onenote\\general","valueName":"disablesupportdiagnostics"},{"parentCategory":{"ref":"L_Editing"},"supportedOn":{"ref":"windows:SUPPORTED_Windows7"},"enabledValue":{"decimal":{"value":1}},"disabledValue":{"decimal":{"value":0}},"name":"L_OneNoteTextPrediction","displayName":"OneNote の予測入力","explainText":"\nこのポリシー設定は、OneNote で英語のメモを入力する際、ユーザーに対する予測入力の提示、および予測の採用操作の受け付けを行うかどうかを指定するものです。\n\nこのポリシー設定を有効にした場合、または構成しなかった場合は、メモの入力中に予測テキストが表示され、ユーザーが Tab キーまたは右矢印キーを押すと予測入力を採用することができます。または、通常の入力操作を続けることで予測テキストを無視できます。\n\nこのポリシー設定を無効にした場合、メモの入力中に予測テキストは表示されず、ユーザーが予測入力を採用することはできません。\n\n注: このポリシー設定は、サブスクリプション版の Office (Microsoft 365 Apps for enterprise など) にのみ適用されます。\n      ","tags":["L_Editing","L_OneNoteOptions","L_MicrosoftOfficeOneNote"],"application":"onent16","key":"software\\microsoft\\office\\16.0\\onenote\\options\\editing","valueName":"textprediction"}]}