{"categories":[{"name":"L_MicrosoftOfficeaccess","displayName":"Microsoft Access 2016"},{"parentCategory":{"ref":"L_MicrosoftOfficeaccess"},"name":"L_ApplicationSettings","displayName":"응용 프로그램 설정"},{"parentCategory":{"ref":"L_ApplicationSettings"},"name":"L_International","displayName":"국가별 설정"},{"parentCategory":{"ref":"L_ApplicationSettings"},"name":"L_WebOptions","displayName":"웹 옵션..."},{"parentCategory":{"ref":"L_WebOptions"},"name":"L_General","displayName":"일반"},{"parentCategory":{"ref":"L_ApplicationSettings"},"name":"L_general5","displayName":"일반"},{"parentCategory":{"ref":"L_ApplicationSettings"},"name":"L_Security","displayName":"보안"},{"parentCategory":{"ref":"L_Security"},"name":"L_Cryptography","displayName":"암호화"},{"parentCategory":{"ref":"L_Security"},"name":"L_TrustCenter","displayName":"보안 센터"},{"parentCategory":{"ref":"L_TrustCenter"},"name":"L_TrustedLocations","displayName":"신뢰할 수 있는 위치"},{"parentCategory":{"ref":"L_MicrosoftOfficeaccess"},"name":"L_Customizableerrormessages","displayName":"사용자 지정할 수 있는 오류 메시지"},{"parentCategory":{"ref":"L_MicrosoftOfficeaccess"},"name":"L_Disableitemsinuserinterface","displayName":"사용자 인터페이스의 항목 사용 안 함"},{"parentCategory":{"ref":"L_Disableitemsinuserinterface"},"name":"L_Custom","displayName":"사용자 지정"},{"parentCategory":{"ref":"L_MicrosoftOfficeaccess"},"name":"L_Miscellaneous","displayName":"기타"}],"policies":[{"parentCategory":{"ref":"L_International"},"supportedOn":{"ref":"windows:SUPPORTED_Windows7"},"elements":{"items":[{"item":[{"value":{"decimal":{"value":0}},"displayName":"왼쪽에서 오른쪽"},{"value":{"decimal":{"value":1}},"displayName":"오른쪽에서 왼쪽"}],"valueName":"new tables/queries/forms/reports","inputType":"dropdownList","caption":"기본 방향","id":"L_defaultdirection0"}]},"name":"L_Defaultdirection","displayName":"기본 방향","explainText":"기본 왼쪽/오른쪽 텍스트 방향을 지정합니다.","tags":["L_International","L_ApplicationSettings","L_MicrosoftOfficeaccess"],"application":"access16","key":"software\\microsoft\\office\\16.0\\access\\settings"},{"parentCategory":{"ref":"L_International"},"supportedOn":{"ref":"windows:SUPPORTED_Windows7"},"elements":{"items":[{"item":[{"value":{"decimal":{"value":0}},"displayName":"인터페이스 모드"},{"value":{"decimal":{"value":1}},"displayName":"텍스트 모드"}],"valueName":"general alignment","inputType":"dropdownList","caption":"일반 맞춤","id":"L_generalalignment1"}]},"name":"L_GeneralAlignment","displayName":"일반 맞춤","explainText":"기본 텍스트 맞춤을 지정합니다.","tags":["L_International","L_ApplicationSettings","L_MicrosoftOfficeaccess"],"application":"access16","key":"software\\microsoft\\office\\16.0\\access\\settings"},{"parentCategory":{"ref":"L_International"},"supportedOn":{"ref":"windows:SUPPORTED_Windows7"},"elements":{"items":[{"item":[{"value":{"decimal":{"value":0}},"displayName":"논리적으로"},{"value":{"decimal":{"value":1}},"displayName":"보이는 대로"}],"valueName":"cursor","inputType":"dropdownList","caption":"커서 움직임","id":"L_cursormovement2"}]},"name":"L_Cursormovement","displayName":"커서 움직임","explainText":"기본 커서 움직임 모드를 지정합니다.","tags":["L_International","L_ApplicationSettings","L_MicrosoftOfficeaccess"],"application":"access16","key":"software\\microsoft\\office\\16.0\\access\\settings"},{"parentCategory":{"ref":"L_General"},"supportedOn":{"ref":"windows:SUPPORTED_Windows7"},"elements":{"items":[{"item":[{"value":{"decimal":{"value":0}},"displayName":"검정"},{"value":{"decimal":{"value":1}},"displayName":"적갈색"},{"value":{"decimal":{"value":2}},"displayName":"녹색"},{"value":{"decimal":{"value":3}},"displayName":"올리브"},{"value":{"decimal":{"value":4}},"displayName":"진한 파랑"},{"value":{"decimal":{"value":5}},"displayName":"보라"},{"value":{"decimal":{"value":6}},"displayName":"청록"},{"value":{"decimal":{"value":7}},"displayName":"회색"},{"value":{"decimal":{"value":8}},"displayName":"은색"},{"value":{"decimal":{"value":9}},"displayName":"빨강"},{"value":{"decimal":{"value":10}},"displayName":"밝은 녹색"},{"value":{"decimal":{"value":11}},"displayName":"노랑"},{"value":{"decimal":{"value":12}},"displayName":"파랑"},{"value":{"decimal":{"value":13}},"displayName":"밝은 자홍"},{"value":{"decimal":{"value":14}},"displayName":"바다색"},{"value":{"decimal":{"value":15}},"displayName":"흰색"}],"valueName":"hyperlinkcolor","inputType":"dropdownList","caption":"하이퍼링크 색","id":"L_hyperlinkcolor3"}]},"name":"L_Hyperlinkcolor","displayName":"하이퍼링크 색","explainText":"기본 하이퍼링크 텍스트 색을 지정합니다.","tags":["L_General","L_WebOptions","L_ApplicationSettings","L_MicrosoftOfficeaccess"],"application":"access16","key":"software\\microsoft\\office\\16.0\\access\\internet"},{"parentCategory":{"ref":"L_General"},"supportedOn":{"ref":"windows:SUPPORTED_Windows7"},"elements":{"items":[{"item":[{"value":{"decimal":{"value":0}},"displayName":"검정"},{"value":{"decimal":{"value":1}},"displayName":"적갈색"},{"value":{"decimal":{"value":2}},"displayName":"녹색"},{"value":{"decimal":{"value":3}},"displayName":"올리브"},{"value":{"decimal":{"value":4}},"displayName":"진한 파랑"},{"value":{"decimal":{"value":5}},"displayName":"보라"},{"value":{"decimal":{"value":6}},"displayName":"청록"},{"value":{"decimal":{"value":7}},"displayName":"회색"},{"value":{"decimal":{"value":8}},"displayName":"은색"},{"value":{"decimal":{"value":9}},"displayName":"빨강"},{"value":{"decimal":{"value":10}},"displayName":"밝은 녹색"},{"value":{"decimal":{"value":11}},"displayName":"노랑"},{"value":{"decimal":{"value":12}},"displayName":"파랑"},{"value":{"decimal":{"value":13}},"displayName":"밝은 자홍"},{"value":{"decimal":{"value":14}},"displayName":"바다색"},{"value":{"decimal":{"value":15}},"displayName":"흰색"}],"valueName":"followedhyperlinkcolor","inputType":"dropdownList","caption":"열어 본 하이퍼링크 색","id":"L_followedhyperlinkcolor4"}]},"name":"L_Followedhyperlinkcolor","displayName":"열어 본 하이퍼링크 색","explainText":"열어 본 하이퍼링크의 기본 텍스트 색을 지정합니다.","tags":["L_General","L_WebOptions","L_ApplicationSettings","L_MicrosoftOfficeaccess"],"application":"access16","key":"software\\microsoft\\office\\16.0\\access\\internet"},{"parentCategory":{"ref":"L_General"},"supportedOn":{"ref":"windows:SUPPORTED_Windows7"},"enabledValue":{"decimal":{"value":0}},"disabledValue":{"decimal":{"value":1}},"name":"L_Underlinehyperlinks","displayName":"하이퍼링크에 밑줄 긋기","explainText":"이 정책 설정은 Access 테이블, 쿼리, 폼 및 보고서의 하이퍼링크에 밑줄을 그을 것인지 여부를 제어합니다.\n      \n이 정책 설정을 사용하면 테이블, 쿼리, 폼 및 보고서에서 하이퍼링크를 만들 때 Access가 모든 하이퍼링크에 밑줄을 긋고 사용자 컴퓨터에 있는 모든 구성 변경을 재정의합니다.\n      \n이 정책 설정을 사용하지 않으면 Access가 테이블, 쿼리, 폼 및 보고서에서 하이퍼링크에 밑줄을 긋지 않습니다.\n      \n이 정책 설정을 구성하지 않으면 Access가 테이블, 쿼리, 폼 및 보고서에 나타나는 하이퍼링크에 밑줄을 긋습니다.\n      \n이 정책 설정을 사용하는 경우 Access에서 기본 구성이 적용되므로 대다수 사용자는 사용 중에 큰 불편을 겪지 않습니다. 이 구성을 변경하는 경우에는 사용자가 위험한 하이퍼링크를 모르고 클릭할 수 있기 때문에 보안상 위험이 발생할 수 있습니다.","tags":["L_General","L_WebOptions","L_ApplicationSettings","L_MicrosoftOfficeaccess"],"application":"access16","key":"software\\microsoft\\office\\16.0\\access\\internet","valueName":"donotunderlinehyperlinks"},{"parentCategory":{"ref":"L_general5"},"supportedOn":{"ref":"windows:SUPPORTED_Windows7"},"elements":{"items":[{"valueName":"max display","minValue":0,"minValueSpecified":true,"maxValue":50,"maxValueSpecified":true,"inputType":"decimalTextBox","caption":"항목 수: ","id":"L_Numberofentries"}]},"name":"L_Recentlyusedfilelist","displayName":"최근에 사용한 항목 목록의 파일 수","explainText":"이 정책 설정은 사용자가 Backstage 보기의 [파일] 탭에서 [열기]를 클릭하면 나타나는 최근에 사용한 항목 목록에 표시되는 항목의 수를 지정합니다.\n\n이 정책 설정을 사용하면 항목의 수를 0과 50 사이에서 지정할 수 있습니다. 숫자를 0으로 설정하면 고정된 항목과 고정 해제된 항목이 모두 표시되지 않습니다.\n\n이 정책 설정을 사용하지 않거나 구성하지 않으면 최신 목록에 최대 25개의 항목이 표시됩니다.\n\n참고: 최신 목록에 항목을 전혀 추가하지 못하도록 설정하려면 \"최근에 열었던 문서 목록 보관 안 함\" Windows 정책 설정을 사용하면 됩니다.","tags":["L_general5","L_ApplicationSettings","L_MicrosoftOfficeaccess"],"application":"access16","key":"software\\microsoft\\office\\16.0\\access\\file mru"},{"parentCategory":{"ref":"L_general5"},"supportedOn":{"ref":"windows:SUPPORTED_Windows7"},"elements":{"items":[{"valueName":"max display","minValue":0,"minValueSpecified":true,"maxValue":20,"maxValueSpecified":true,"inputType":"decimalTextBox","caption":"폴더 수: ","id":"L_SetNumberOfPlacesInTheRecentPlacesListSpinID"}]},"name":"L_SetNumberOfPlacesInTheRecentPlacesList","displayName":"최근 폴더 목록의 폴더 수","explainText":"이 정책 설정은 사용자가 Backstage 보기의 [파일] 탭에서 [열기] 또는 [다른 이름으로 저장]을 클릭하면 나타나는 [최근 폴더] 목록에 표시되는 고정 해제된 항목의 수를 지정합니다.\n\n이 정책 설정을 사용하면 고정 해제된 항목의 수를 0과 20 사이에서 지정할 수 있습니다. 숫자를 0으로 설정하면 고정된 항목과 고정 해제된 항목이 모두 표시되지 않습니다.\n\n이 정책 설정을 사용하지 않거나 구성하지 않으면 [최근 폴더] 목록에 최대 5개의 고정 해제된 항목이 표시됩니다.\n\n참고: [최근 폴더] 목록에 항목을 완전히 추가하지 못하도록 설정하려면 \"최근에 열었던 문서 목록 보관 안 함\" Windows 정책 설정을 사용하면 됩니다.","tags":["L_general5","L_ApplicationSettings","L_MicrosoftOfficeaccess"],"application":"access16","key":"software\\microsoft\\office\\16.0\\access\\place mru"},{"parentCategory":{"ref":"L_general5"},"supportedOn":{"ref":"windows:SUPPORTED_Windows7"},"elements":{"items":[{"valueName":"default database directory","requiredSpecified":false,"expandableSpecified":false,"maxLengthSpecified":false,"inputType":"textBox","caption":"기본 데이터베이스 폴더","id":"L_defaultdatabasefolder6"}]},"name":"L_Defaultdatabasefolder","displayName":"기본 데이터베이스 폴더","explainText":"기본 작업 폴더를 지정합니다.","tags":["L_general5","L_ApplicationSettings","L_MicrosoftOfficeaccess"],"application":"access16","key":"software\\microsoft\\office\\16.0\\access\\settings"},{"parentCategory":{"ref":"L_Cryptography"},"supportedOn":{"ref":"windows:SUPPORTED_Windows7"},"elements":{"items":[{"valueName":"cipheralgorithm","required":true,"requiredSpecified":true,"expandableSpecified":false,"maxLengthSpecified":false,"inputType":"textBox","caption":"CNG 암호화 알고리즘:","id":"L_SetCNGCipherAlgorithmID"}]},"name":"L_SetCNGCipherAlgorithm","displayName":"CNG 암호화 알고리즘 설정","explainText":"이 정책 설정을 통해 사용되는 CNG 암호화 알고리즘을 구성할 수 있습니다.\n\n이 정책 설정을 사용하면 제공된 암호화가 지원되는 알고리즘일 경우 사용됩니다.\n\n이 정책 설정을 사용하지 않거나 구성하지 않으면 AES가 사용됩니다.","tags":["L_Cryptography","L_Security","L_ApplicationSettings","L_MicrosoftOfficeaccess"],"application":"access16","key":"software\\microsoft\\office\\16.0\\access\\security\\crypto"},{"parentCategory":{"ref":"L_Cryptography"},"supportedOn":{"ref":"windows:SUPPORTED_Windows7"},"elements":{"items":[{"item":[{"value":{"string":"ChainingModeCBC"},"displayName":"CBC(암호화 블록 체인)"},{"value":{"string":"ChainingModeCFB"},"displayName":"CFB(암호화 피드백)"}],"valueName":"cipherchaining","inputType":"dropdownList","id":"L_ConfigureCNGCipherChainingModeDropID"}]},"name":"L_ConfigureCNGCipherChainingMode","displayName":"CNG 암호화 체인 모드 구성","explainText":"이 정책 설정을 통해 사용되는 암호화 체인 모드를 구성할 수 있습니다.\n\n이 정책 설정을 사용하면 지정된 암호화 체인 모드가 적용됩니다.\n\n이 정책 설정을 사용하지 않거나 구성하지 않으면 CBC(암호화 블록 체인)가 기본 CNG 암호화 체인 모드로 사용됩니다.","tags":["L_Cryptography","L_Security","L_ApplicationSettings","L_MicrosoftOfficeaccess"],"application":"access16","key":"software\\microsoft\\office\\16.0\\access\\security\\crypto"},{"parentCategory":{"ref":"L_Cryptography"},"supportedOn":{"ref":"windows:SUPPORTED_Windows7"},"elements":{"items":[{"valueName":"cipherkeybits","minValue":0,"minValueSpecified":true,"maxValue":1000000,"maxValueSpecified":true,"inputType":"decimalTextBox","caption":"암호화 키 길이","id":"L_SetCNGCipherKeyLengthSpinID"}]},"name":"L_SetCNGCipherKeyLength","displayName":"CNG 암호화 키 길이 설정","explainText":"이 정책 설정을 통해 암호화 키를 만들 때 사용할 비트 수를 구성할 수 있습니다. 이 숫자는 가까운 8의 배수로 내림됩니다.\n\n이 정책 설정을 사용하면 지정된 키 비트가 사용됩니다.\n\n이 정책 설정을 사용하지 않거나 구성하지 않으면 기본값이 사용됩니다.","tags":["L_Cryptography","L_Security","L_ApplicationSettings","L_MicrosoftOfficeaccess"],"application":"access16","key":"software\\microsoft\\office\\16.0\\access\\security\\crypto"},{"parentCategory":{"ref":"L_Cryptography"},"supportedOn":{"ref":"windows:SUPPORTED_Windows7"},"elements":{"items":[{"item":[{"value":{"decimal":{"value":0}},"displayName":"기존 형식 사용"},{"value":{"decimal":{"value":1}},"displayName":"차세대 형식 사용"},{"value":{"decimal":{"value":2}},"displayName":"차세대 형식으로 모든 파일 저장"}],"valueName":"compatmode","inputType":"dropdownList","id":"L_SpecifyEncryptionCompatibilityDropID"}]},"name":"L_SpecifyEncryptionCompatibility","displayName":"암호화 호환성 지정","explainText":"이 정책 설정을 통해 암호화된 데이터베이스 호환성을 지정할 수 있습니다.\n\n이 정책 설정을 사용하면 새 파일을 암호화할 때 지정한 호환성 형식이 적용됩니다.\n- 기존 형식 사용\n- 차세대 형식 사용\n- 차세대 형식으로 모든 파일 저장\n\n이 정책 설정을 사용하지 않거나 구성하지 않으면 기본 설정인 \"차세대 형식 사용\"이 적용됩니다.","tags":["L_Cryptography","L_Security","L_ApplicationSettings","L_MicrosoftOfficeaccess"],"application":"access16","key":"software\\microsoft\\office\\16.0\\access\\security\\crypto"},{"parentCategory":{"ref":"L_Cryptography"},"supportedOn":{"ref":"windows:SUPPORTED_Windows7"},"elements":{"items":[{"valueName":"context","required":true,"requiredSpecified":true,"expandableSpecified":false,"maxLengthSpecified":false,"inputType":"textBox","caption":"매개 변수","id":"L_SetParametersForCNGContextID"}]},"name":"L_SetParametersForCNGContext","displayName":"CNG 컨텍스트에 대한 매개 변수 설정","explainText":"이 정책 설정을 통해 CNG 컨텍스트에 사용되어야 하는 암호화 매개 변수를 지정할 수 있습니다. \n\n이 정책 설정을 사용하면 지정된 매개 변수가 CNG 컨텍스트에 전달됩니다.\n\n이 정책 설정을 사용하지 않거나 구성하지 않으면 기본 CNG 값이 사용됩니다.","tags":["L_Cryptography","L_Security","L_ApplicationSettings","L_MicrosoftOfficeaccess"],"application":"access16","key":"software\\microsoft\\office\\16.0\\access\\security\\crypto"},{"parentCategory":{"ref":"L_Cryptography"},"supportedOn":{"ref":"windows:SUPPORTED_Windows7"},"elements":{"items":[{"item":[{"value":{"string":"SHA1"},"displayName":"SHA1"},{"value":{"string":"SHA256"},"displayName":"SHA256"},{"value":{"string":"SHA384"},"displayName":"SHA384"},{"value":{"string":"SHA512"},"displayName":"SHA512"}],"valueName":"hashalgorithm","inputType":"dropdownList","id":"L_SpecifyCNGHashAlgorithmDropID"}]},"name":"L_SpecifyCNGHashAlgorithm","displayName":"CNG 해시 알고리즘 지정","explainText":"이 정책 설정을 통해 사용되는 해시 알고리즘을 지정할 수 있습니다.\n\n이 정책 설정을 사용하면 선택된 해시 알고리즘이 CNG에 의해 사용됩니다.\n\n이 정책 설정을 사용하지 않거나 구성하지 않으면 기본 CNG 해시 알고리즘이 사용됩니다.","tags":["L_Cryptography","L_Security","L_ApplicationSettings","L_MicrosoftOfficeaccess"],"application":"access16","key":"software\\microsoft\\office\\16.0\\access\\security\\crypto"},{"parentCategory":{"ref":"L_Cryptography"},"supportedOn":{"ref":"windows:SUPPORTED_Windows7"},"elements":{"items":[{"valueName":"passwordspincount","minValue":0,"minValueSpecified":true,"maxValue":10000000,"maxValueSpecified":true,"inputType":"decimalTextBox","id":"L_SetCNGPasswordSpinCountSpinID"}]},"name":"L_SetCNGPasswordSpinCount","displayName":"CNG 암호 스핀 수 설정","explainText":"이 정책 설정을 통해 암호 확인자가 스핀(다시 해시)할 횟수를 지정할 수 있습니다.\n\n이 정책 설정을 사용하면 지정한 수가 암호를 다시 해시할 횟수로 사용됩니다.\n\n이 정책 설정을 사용하지 않거나 구성하지 않으면 기본값(100000)이 사용됩니다.","tags":["L_Cryptography","L_Security","L_ApplicationSettings","L_MicrosoftOfficeaccess"],"application":"access16","key":"software\\microsoft\\office\\16.0\\access\\security\\crypto"},{"parentCategory":{"ref":"L_Cryptography"},"supportedOn":{"ref":"windows:SUPPORTED_Windows7"},"elements":{"items":[{"valueName":"rngalgorithm","required":true,"requiredSpecified":true,"expandableSpecified":false,"maxLengthSpecified":false,"inputType":"textBox","caption":"난수 생성기:","id":"L_SpecifyCNGRandomNumberGeneratorAlgorithmID"}]},"name":"L_SpecifyCNGRandomNumberGeneratorAlgorithm","displayName":"CNG 난수 생성기 알고리즘 지정","explainText":"이 정책 설정을 통해 사용할 CNG 난수 생성기를 구성할 수 있습니다.\n\n이 정책 설정을 사용하면 지정한 난수 생성기가 사용됩니다.\n\n이 정책 설정을 사용하지 않거나 구성하지 않으면 기본 난수 생성기가 사용됩니다.","tags":["L_Cryptography","L_Security","L_ApplicationSettings","L_MicrosoftOfficeaccess"],"application":"access16","key":"software\\microsoft\\office\\16.0\\access\\security\\crypto"},{"parentCategory":{"ref":"L_Cryptography"},"supportedOn":{"ref":"windows:SUPPORTED_Windows7"},"elements":{"items":[{"valueName":"saltbytes","minValue":0,"minValueSpecified":true,"maxValue":5000,"maxValueSpecified":true,"inputType":"decimalTextBox","caption":"바이트 수","id":"L_SpecifyCNGSaltLengthSpinID"}]},"name":"L_SpecifyCNGSaltLength","displayName":"CNG 솔트 길이 지정","explainText":"이 정책 설정을 통해 사용할 CNG 난수 생성기를 구성할 수 있습니다.\n\n이 정책 설정을 사용하면 지정한 난수 생성기가 사용됩니다.\n\n이 정책 설정을 사용하지 않거나 구성하지 않으면 기본 난수 생성기가 사용됩니다.","tags":["L_Cryptography","L_Security","L_ApplicationSettings","L_MicrosoftOfficeaccess"],"application":"access16","key":"software\\microsoft\\office\\16.0\\access\\security\\crypto"},{"parentCategory":{"ref":"L_TrustCenter"},"supportedOn":{"ref":"windows:SUPPORTED_Windows7"},"elements":{"items":[{"valueName":"maxtrusteddocuments","minValue":0,"minValueSpecified":true,"maxValue":20000,"maxValueSpecified":true,"inputType":"decimalTextBox","caption":"최대 수:","id":"L_SetMaximumNumberOfTrustedDocumentsSpinID"}]},"name":"L_SetMaximumNumberOfTrustedDocuments","displayName":"신뢰할 수 있는 최대 문서 수 설정","explainText":"이 정책 설정을 통해 제거 작업을 실행하기 전에 레지스트리에 저장할 수 있는 신뢰할 수 있는 문서의 최대 신뢰 레코드 수를 지정할 수 있습니다. 제거 작업은 레지스트리에 저장하는 신뢰할 수 있는 문서의 수를 \"유지할 최대 신뢰 레코드 수 지정\" 정책 설정에서 설정한 값으로 줄입니다.\n\n이 정책 설정을 사용하면 제거 작업을 실행하기 전에 레지스트리에 저장할 수 있는 신뢰할 수 있는 문서의 최대 수를 지정할 수 있으며, 그 상한값은 문서 20,000개입니다. 성능상의 이유에서 이 정책 설정을 상한값으로 설정하지 않는 것이 좋습니다.\n\n이 정책 설정을 사용하지 않거나 구성하지 않으면 제거 작업을 실행하기 전에 레지스트리에 저장할 수 있는 신뢰할 수 있는 문서의 최대 수가 기본값인 500으로 설정됩니다.","tags":["L_TrustCenter","L_Security","L_ApplicationSettings","L_MicrosoftOfficeaccess"],"application":"access16","key":"software\\microsoft\\office\\16.0\\access\\security\\trusted documents"},{"parentCategory":{"ref":"L_TrustCenter"},"supportedOn":{"ref":"windows:SUPPORTED_Windows7"},"elements":{"items":[{"valueName":"maxpreservetrusteddocuments","minValue":0,"minValueSpecified":true,"maxValue":20000,"maxValueSpecified":true,"inputType":"decimalTextBox","caption":"유지할 최대 수:","id":"L_SetMaximumNumberOfTrustRecordsToPreserveSpinID"}]},"name":"L_SetMaximumNumberOfTrustRecordsToPreserve","displayName":"유지할 최대 신뢰 레코드 수 설정","explainText":"이 정책 설정을 통해 제거 작업이 이 응용 프로그램에서 \"신뢰할 수 있는 최대 문서 수 설정\" 정책 설정으로 구성된 신뢰할 수 있는 문서 수보다 많은 문서를 신뢰하고 있음을 검색할 때 유지할 최대 신뢰 레코드 수를 지정할 수 있습니다.\n\n이 정책 설정을 사용하면 유지할 최대 신뢰 레코드 수를 지정할 수 있습니다. 상한값은 20000이지만, 성능상의 이유로 상한값으로는 설정하지 않는 것이 좋습니다.\n\n이 정책 설정을 사용하지 않거나 구성하지 않으면 기본값인 400이 사용됩니다.","tags":["L_TrustCenter","L_Security","L_ApplicationSettings","L_MicrosoftOfficeaccess"],"application":"access16","key":"software\\microsoft\\office\\16.0\\access\\security\\trusted documents"},{"parentCategory":{"ref":"L_TrustCenter"},"supportedOn":{"ref":"windows:SUPPORTED_Windows7"},"elements":{"items":[{"item":[{"value":{"decimal":{"value":2}},"displayName":"모든 매크로 제외(알림 표시)"},{"value":{"decimal":{"value":3}},"displayName":"디지털 서명된 매크로만 포함"},{"value":{"decimal":{"value":4}},"displayName":"모든 매크로 제외(알림 표시 없음)"},{"value":{"decimal":{"value":1}},"displayName":"모든 매크로 포함(권장하지 않음)"}],"valueName":"vbawarnings","inputType":"dropdownList","id":"L_Empty"},{"trueValue":{"decimal":{"value":1}},"falseValue":{"decimal":{"value":0}},"valueName":"vbadigsigtrustedpublishers","key":"software\\microsoft\\office\\16.0\\access\\security","inputType":"checkBox","caption":"신뢰할 수 있는 게시자가 서명해야 하는 매크로가 필요","id":"L_VBADigSigTrustedPublishersStr"},{"trueValue":{"decimal":{"value":1}},"falseValue":{"decimal":{"value":0}},"valueName":"vbarequirelmtrustedpublisher","key":"software\\microsoft\\office\\16.0\\access\\security","inputType":"checkBox","caption":"현재 사용자 인증서 저장소에만 설치된 신뢰할 수 있는 게시자의 인증서 차단","id":"L_VBAOnlyAllowLMTrustedPublisherStr"},{"trueValue":{"decimal":{"value":1}},"falseValue":{"decimal":{"value":0}},"valueName":"vbarequiredigsigwithcodesigningeku","key":"software\\microsoft\\office\\16.0\\access\\security","inputType":"checkBox","caption":"신뢰할 수 있는 게시자의 인증서에 EKU(확장된 키 사용) 필요","id":"L_VBAOnlyAllowDigSigWithCodeSigningEKUStr"}]},"name":"L_VBAWarningsPolicy","displayName":"VBA 매크로 알림 설정","explainText":"이 정책 설정은 VBA(Visual Basic for Applications) 매크로가 있을 때 지정된 응용 프로그램의 사용자에게 경고하는 방법을 제어합니다.\n\n이 정책 설정을 사용하는 경우 네 가지 옵션 중 하나를 선택하여 지정된 응용 프로그램의 사용자에게 매크로에 대해 경고하는 방법을 결정할 수 있습니다.\n\n- 모든 매크로 제외(알림 표시): 응용 프로그램에서 서명 여부와 관계없이 모든 매크로에 대해 보안 표시줄 알림을 표시합니다. 이 옵션은 Office의 기본 구성을 적용합니다.\n\n- 디지털 서명된 매크로만 포함: 응용 프로그램에서 디지털 서명한 매크로에 대해 보안 표시줄 알림을 표시하여 사용자가 해당 매크로를 사용하거나 사용하지 않도록 설정할 수 있게 합니다. 서명이 없는 매크로는 사용하지 않고 사용자에게 알리지 않습니다.\n\n- 모든 매크로 제외(알림 표시 없음): 응용 프로그램에서 서명 여부와 관계없이 모든 매크로를 사용하지 않고 사용자에게 알리지 않습니다.\n\n- 모든 매크로 포함(권장하지 않음): 서명 여부와 관계없이 모든 매크로를 사용합니다. 이 옵션을 사용하면 위험성 있는 코드가 검색되지 않은 상태로 실행될 수 있으므로 보안 위험이 크게 증가할 수 있습니다.\n\n이 정책 설정을 사용하지 않으면 \"모든 매크로 제외(알림 표시)\"가 기본 설정이 됩니다.\n\n이 정책 설정을 구성하지 않은 경우 사용자가 지정된 응용 프로그램에서 VBA 매크로가 포함된 파일을 열면, 해당 응용 프로그램에서 매크로를 제외하고 파일을 열고 매크로를 사용하지 않도록 설정했음을 알리는 경고와 함께 보안 표시줄을 표시합니다. 사용자는 필요한 경우 파일을 검사하고 편집할 수 있지만, 사용할 수 없는 기능을 사용하려면 보안 표시줄에서 \"콘텐츠 사용\"을 클릭하여 사용하도록 설정해야 합니다. 사용자가 \"콘텐츠 사용\"을 클릭하면 문서가 신뢰할 수 있는 문서로 추가됩니다.\n\n\"디지털 서명된 매크로만 포함\"을 선택하면 \"신뢰할 수 있는 게시자가 매크로에 서명해야 함\" 확인란을 선택하여 보안을 향상하도록 하는 것이 좋습니다.\n\n\"신뢰할 수 있는 게시자가 매크로에 서명해야 함\" 확인란을 선택한 경우 디지털 서명이 있지만 신뢰할 수 있는 게시자가 서명하지 않은 매크로가 있는 파일을 여는 사용자는 매크로가 실행되지 않는다는 알림을 받습니다. 그리고 보안 향상을 위해 두 가지 추가 확인란을 선택하는 것이 좋습니다.\n\n- 현재 사용자 인증서 저장소에 설치된 신뢰할 수 있는 게시자의 인증서 차단\n\n- 신뢰할 수 있는 게시자의 인증서에 EKU(확장된 키 사용) 필요\n\n참고: 이 두 확인란은 \"신뢰할 수 있는 게시자가 매크로에 서명해야 함\" 확인란을 선택한 경우에만 적용됩니다.\n\n참고: 세 가지 확인란 모두 Office 및 Visio 버전 2012 이상에만 적용됩니다. Office 2016 또는 Office 2019에는 적용되지 않습니다.\n\n”로컬 컴퓨터 인증서 저장소에 설치된 신뢰할 수 있는 게시자의 인증서 차단” 확인란을 선택한 경우 신뢰할 수 있는 게시자의 인증서가 현재 사용자 인증서 저장소에 설치되어 있으면 매크로는 실행되지 않습니다. 매크로를 실행하려면 로컬 컴퓨터 인증서 저장소에 인증서가 설치되어 있어야 합니다. 컴퓨터에 대한 관리자 액세스 권한이 있는 계정만 로컬 컴퓨터 인증서 저장소에 인증서를 설치할 수 있습니다.\n\n”신뢰할 수 있는 게시자의 인증서에 EKU(확장된 키 사용) 필요” 확인란을 선택한 경우 EKU는 인증서 사용 중 하나로 “코드 서명”을 포함해야 합니다.\n\n중요: \"디지털 서명된 매크로만 포함\"을 선택하면 사용자가 서명이 없는 Access 데이터베이스를 열 수 없습니다.\n\n또한, Microsoft Office에서는 신뢰할 수 있는 게시자에 대한 인증서를 Internet Explorer의 신뢰할 수 있는 게시자 저장소에 저장합니다. 이전 버전의 Microsoft Office에서는 Office의 특정 신뢰할 수 있는 게시자 저장소에 신뢰할 수 있는 게시자 인증서 정보(특히, 인증서 지문)를 저장합니다. Microsoft Office에서는 Office의 신뢰할 수 있는 게시자 저장소에서 신뢰할 수 있는 게시자 인증서 정보를 읽지만, 이 저장소에 정보를 기록하지는 않습니다.\n\n따라서, 이전 버전의 Microsoft Office에서 신뢰할 수 있는 게시자 목록을 만들고 Office로 업그레이드하는 경우 신뢰할 수 있는 게시자 목록이 그대로 인식됩니다. 그러나 이 목록에 신뢰할 수 있는 게시자 인증서를 추가할 경우 해당 인증서는 Internet Explorer의 신뢰할 수 있는 게시자 저장소에 저장됩니다.","tags":["L_TrustCenter","L_Security","L_ApplicationSettings","L_MicrosoftOfficeaccess"],"application":"access16","key":"software\\microsoft\\office\\16.0\\access\\security"},{"parentCategory":{"ref":"L_TrustCenter"},"supportedOn":{"ref":"windows:SUPPORTED_Windows7"},"enabledValue":{"decimal":{"value":1}},"disabledValue":{"decimal":{"value":0}},"name":"L_BlockMacroExecutionFromInternet","displayName":"인터넷이 출처인 Office 파일에서 매크로를 실행하지 않도록 차단","explainText":"\n        이 정책 설정을 사용하면 인터넷에서 가져온 Office 파일에서 매크로가 실행되지 않도록 차단할 수 있습니다.\n\n        이 정책 설정을 사용하면 보안 센터의 매크로 설정 섹션에서 \"모든 매크로 사용\"을 선택하더라도 매크로 실행이 차단됩니다. 매크로 실행이 차단되었다는 알림이 사용자에게 표시됩니다.\n\n    매크로를 실행할 수 있는 예외는 다음과 같습니다.\n        - Office 파일이 신뢰할 수 있는 위치에 저장됩니다.\n      - 이전에 사용자가 Office 파일을 신뢰했습니다.\n       - 매크로가 디지털 서명되었으며 일치하는 신뢰할 수 있는 Publisher 인증서가 장치에 설치되어  있습니다.\n\n        이 정책 설정을 사용하지 않으면 보안 센터의 매크로 설정 섹션에 구성된 설정에 따라 인터넷에서 가져온 Office 파일에서 매크로를 실행할지 여부를 결정합니다.이\n\n       정책 설정을 구성하지 않으면 매크로 실행이 차단됩니다. 사용자는 인터넷에서 매크로의 보안 위험에 대한 알림과 함께 자세히 알아볼 수 있는 링크를 받게 됩니다.\n\n        자세한 내용은 https://go.microsoft.com/fwlink/p/?linkid=2185771을 참조하세요.\n     ","tags":["L_TrustCenter","L_Security","L_ApplicationSettings","L_MicrosoftOfficeaccess"],"application":"access16","key":"software\\microsoft\\office\\16.0\\access\\security","valueName":"blockcontentexecutionfrominternet"},{"parentCategory":{"ref":"L_TrustCenter"},"supportedOn":{"ref":"windows:SUPPORTED_Windows7"},"enabledValue":{"decimal":{"value":1}},"disabledValue":{"decimal":{"value":0}},"name":"L_TurnOffTrustedDocumentsOnTheNetwork","displayName":"네트워크에서 신뢰할 수 있는 문서 해제","explainText":"이 정책 설정을 통해 네트워크에서 연 문서에 대해 신뢰할 수 있는 문서 기능을 해제할 수 있습니다.\n\n이 정책 설정을 사용하면 네트워크에서 연 문서에 대해 매크로, ActiveX 컨트롤, 데이터 연결 등과 같은 액티브 콘텐츠에 대한 보안 알림이 항상 표시됩니다.\n\n이 정책 설정을 사용하지 않거나 구성하지 않으면 사용자는 신뢰할 수 있는 문서 기능을 통해 매크로, ActiveX 컨트롤, 데이터 연결 등과 같은 문서의 액티브 콘텐츠를 항상 허용할 수 있으므로 다음 번에 문서를 열 때 확인 메시지가 표시되지 않습니다. 신뢰할 수 있는 문서는 보안 알림에서 제외됩니다.","tags":["L_TrustCenter","L_Security","L_ApplicationSettings","L_MicrosoftOfficeaccess"],"application":"access16","key":"software\\microsoft\\office\\16.0\\access\\security\\trusted documents","valueName":"disablenetworktrusteddocuments"},{"parentCategory":{"ref":"L_TrustCenter"},"supportedOn":{"ref":"windows:SUPPORTED_Windows7"},"enabledValue":{"decimal":{"value":1}},"disabledValue":{"decimal":{"value":0}},"name":"L_Disableallapplicationextensions","displayName":"모든 응용 프로그램 추가 기능 사용 안 함","explainText":"이 정책 설정은 지정한 Office 2016 응용 프로그램의 모든 추가 기능을 사용하지 않도록 설정합니다.\n\n이 정책 설정을 사용하면 지정한 Office 2016 응용 프로그램의 모든 추가 기능을 사용하지 않습니다.\n\n이 정책 설정을 사용하지 않거나 구성하지 않으면 사용자에게 알리지 않고 지정한 Office 2016 응용 프로그램의 모든 추가 기능을 실행할 수 있습니다.","tags":["L_TrustCenter","L_Security","L_ApplicationSettings","L_MicrosoftOfficeaccess"],"application":"access16","key":"software\\microsoft\\office\\16.0\\access\\security","valueName":"disablealladdins"},{"parentCategory":{"ref":"L_TrustCenter"},"supportedOn":{"ref":"windows:SUPPORTED_Windows7"},"enabledValue":{"decimal":{"value":1}},"disabledValue":{"decimal":{"value":0}},"name":"L_RequirethatApplicationExtensionsaresigned","displayName":"응용 프로그램 추가 기능에 신뢰할 수 있는 게시자의 서명 필요","explainText":"이 정책 설정은 신뢰할 수 있는 게시자가 이 응용 프로그램의 추가 기능에 디지털 서명을 해야 하는지 여부를 제어합니다.\n \n이 정책 설정을 사용하면 이 응용 프로그램에서 각 추가 기능을 로드하기 전에 디지털 서명을 확인합니다. 추가 기능에 디지털 서명이 없거나 서명이 있지만 신뢰할 수 있는 게시자의 서명이 아닌 경우에는 이 응용 프로그램에서 추가 기능을 사용하지 않으며 사용자에게 알림이 표시됩니다. 신뢰할 수 있는 게시자가 모든 추가 기능에 서명하도록 지정하는 경우 인증서를 [신뢰할 수 있는 게시자] 목록에 추가해야 합니다. 인증서를 가져오고 배포하는 것에 대한 자세한 정보는 http://go.microsoft.com/fwlink/?LinkId=294922를 참조하세요. Office 2016은 신뢰할 수 있는 게시자에 대한 인증서를 Internet Explorer의 신뢰할 수 있는 게시자 저장소에 저장합니다. 이전 버전의 Microsoft Office에서는 신뢰할 수 있는 게시자 인증서 정보(특히 인증서 지문)가 특수한 Office 신뢰할 수 있는 게시자 저장소에 저장되었습니다. Office 2016은 신뢰할 수 있는 게시자의 인증서를 Office 신뢰할 수 있는 게시자 저장소에서 읽지만 이 저장소에 정보를 쓰지는 않습니다. 따라서 이전 버전의 Office에서 신뢰할 수 있는 게시자 목록을 만들고 Office 2016으로 업그레이드한 경우에도 신뢰할 수 있는 게시자 목록이 계속 인식됩니다. 그러나 이 목록에 신뢰할 수 있는 게시자 인증서를 추가할 경우 해당 인증서는 Internet Explorer의 신뢰할 수 있는 게시자 저장소에 저장됩니다. 신뢰할 수 있는 게시자에 대한 자세한 내용은 Office Resource Kit를 참조하세요.\n\n이 정책 설정을 사용하지 않거나 구성하지 않으면 이 응용 프로그램에서 응용 프로그램 추가 기능을 열기 전에 응용 프로그램 추가 기능의 디지털 서명을 확인하지 않습니다. 위험한 추가 기능이 로드되는 경우 사용자 컴퓨터가 손상되거나 데이터 보안이 저하될 수 있습니다.","tags":["L_TrustCenter","L_Security","L_ApplicationSettings","L_MicrosoftOfficeaccess"],"application":"access16","key":"software\\microsoft\\office\\16.0\\access\\security","valueName":"requireaddinsig"},{"parentCategory":{"ref":"L_TrustCenter"},"supportedOn":{"ref":"windows:SUPPORTED_Windows7"},"enabledValue":{"decimal":{"value":1}},"disabledValue":{"decimal":{"value":0}},"name":"L_DisableTrustBarNotificationforunsigned","displayName":"서명되지 않은 응용 프로그램 추가 기능에 대한 보안 표시줄 알림 사용 안 함 및 차단","explainText":"이 정책 설정은 지정된 Office 응용 프로그램에서 서명되지 않은 응용 프로그램 추가 기능이 로드될 때 사용자에게 알림을 표시할지, 아니면 알림 없이 해당 추가 기능을 자동으로 비활성화할지를 제어합니다. 이 정책 설정은 사용자가 이 정책 설정을 변경하지 못하도록 하는 \"응용 프로그램 추가 기능에 신뢰할 수 있는 게시자의 서명 필요\" 정책 설정을 사용하는 경우에만 적용됩니다.\n\n이 정책 설정을 사용하면 응용 프로그램에서 서명되지 않은 추가 기능을 사용자에게 알리지 않고 자동으로 비활성화합니다.\n \n이 정책 설정을 사용하지 않으면 신뢰할 수 있는 게시자가 모든 추가 기능에 서명을 해야 하도록 이 응용 프로그램이 구성되어 있는 경우 응용 프로그램이 로드하는 서명되지 않은 추가 기능은 모두 비활성화되며, 응용 프로그램의 활성 창 위쪽에 보안 표시줄 알림이 표시됩니다. 보안 표시줄 알림에는 서명되지 않은 추가 기능에 대한 정보가 포함된 메시지가 있습니다.\n\n이 정책 설정을 구성하지 않으면 사용 안 함 동작이 적용되며, 사용자는 응용 프로그램 보안 센터의 \"추가 기능\" 범주에서 이 요구 사항을 직접 구성할 수 있습니다.","tags":["L_TrustCenter","L_Security","L_ApplicationSettings","L_MicrosoftOfficeaccess"],"application":"access16","key":"software\\microsoft\\office\\16.0\\access\\security","valueName":"notbpromptunsignedaddin"},{"parentCategory":{"ref":"L_TrustCenter"},"supportedOn":{"ref":"windows:SUPPORTED_Windows7"},"enabledValue":{"decimal":{"value":1}},"disabledValue":{"decimal":{"value":0}},"name":"L_TurnOffTrustedDocuments","displayName":"신뢰할 수 있는 문서 해제","explainText":"이 정책 설정을 통해 신뢰할 수 있는 문서 기능을 해제할 수 있습니다. 신뢰할 수 있는 문서 기능은 사용자가 매크로, ActiveX 컨트롤, 데이터 연결 등과 같은 문서의 액티브 콘텐츠를 항상 사용할 수 있도록 하므로 다음 번에 문서를 열 때 확인 메시지가 표시되지 않습니다. 신뢰할 수 있는 문서는 보안 알림에서 제외됩니다.\n\n이 정책 설정을 사용하면 신뢰할 수 있는 문서 기능이 해제되며 사용자는 액티브 콘텐츠가 들어 있는 문서를 열 때마다 보안 알림을 보게 됩니다.\n\n이 정책 설정을 사용하지 않거나 구성하지 않으면 사용자가 문서에 콘텐츠를 사용하도록 설정할 경우 문서가 신뢰되며 사용자는 보안 알림을 받지 않습니다.","tags":["L_TrustCenter","L_Security","L_ApplicationSettings","L_MicrosoftOfficeaccess"],"application":"access16","key":"software\\microsoft\\office\\16.0\\access\\security\\trusted documents","valueName":"disabletrusteddocuments"},{"parentCategory":{"ref":"L_TrustedLocations"},"supportedOn":{"ref":"windows:SUPPORTED_Windows7"},"enabledValue":{"decimal":{"value":1}},"disabledValue":{"decimal":{"value":0}},"name":"L_AllowTrustedLocationsOnTheNetwork","displayName":"네트워크상의 신뢰할 수 있는 위치 허용(권장하지 않음)","explainText":"이 정책 설정은 네트워크상의 신뢰할 수 있는 위치를 사용할 수 있는지 여부를 제어합니다.\n      \n이 정책 설정을 사용하면 사용자가 보안 센터의 [신뢰할 수 있는 위치] 섹션에서 \"네트워크상의 신뢰할 수 있는 위치 허용(권장하지 않음)\" 확인란을 선택하여 네트워크 공유의 신뢰할 수 있는 위치 또는 자신이 직접 제어하지 않는 다른 원격 위치의 신뢰할 수 있는 위치를 지정할 수 있습니다. 신뢰할 수 있는 위치에서는 콘텐츠, 코드 및 추가 기능이 사용자 권한을 묻지 않고 최소한의 보안으로 로드될 수 있습니다.\n\n이 정책 설정을 사용하지 않거나 구성하지 않으면 선택된 응용 프로그램이 보안 센터의 [신뢰할 수 있는 위치] 섹션에 나열된 네트워크 위치를 무시합니다. 이 정책 설정을 사용하지 않아도 [신뢰할 수 있는 위치] 목록에서 네트워크 위치가 삭제되지는 않습니다. 대신, 선택된 응용 프로그램이 해당 위치를 신뢰할 수 없는 위치로 간주하며 사용자가 목록에 새 네트워크 위치를 추가하지 못하도록 합니다.\n\n그룹 정책을 통해서도 신뢰할 수 있는 위치를 배포하는 경우에는 그 중에서 원격 위치가 있는지 여부를 확인해야 합니다. 그 중에 원격 위치가 있는데 이 정책 설정을 통해 원격 위치를 허용하지 않으면 원격 위치를 가리키는 정책 키가 클라이언트 컴퓨터에서 무시됩니다.\n\n이 정책 설정을 사용하지 않으면 [신뢰할 수 있는 위치] 목록에 네트워크 위치를 추가하는 사용자가 방해를 받게 됩니다. 하지만 \"네트워크상의 신뢰할 수 있는 위치 허용(권장하지 않음)\" 확인란 이름에서 알 수 있듯이 이 정책 설정은 사용하지 않는 것이 좋습니다. 그리고 실제로 대부분의 경우 이 정책 설정을 사용하지 않아도 대다수 사용자가 사용하기에는 큰 불편이 없습니다.\n","tags":["L_TrustedLocations","L_TrustCenter","L_Security","L_ApplicationSettings","L_MicrosoftOfficeaccess"],"application":"access16","key":"software\\microsoft\\office\\16.0\\access\\security\\trusted locations","valueName":"allownetworklocations"},{"parentCategory":{"ref":"L_TrustedLocations"},"supportedOn":{"ref":"windows:SUPPORTED_Windows7"},"enabledValue":{"decimal":{"value":1}},"disabledValue":{"decimal":{"value":0}},"name":"L_DisableTrustedLoc","displayName":"모든 신뢰할 수 있는 위치 사용 안 함","explainText":"이 정책 설정을 통해 관리자가 지정된 응용 프로그램에서 모든 신뢰할 수 있는 위치를 사용하지 않도록 설정할 수 있습니다. 보안 센터에서 지정되는 신뢰할 수 있는 위치는 안전한 것으로 간주되는 파일 위치를 정의하는 데 사용됩니다. 신뢰할 수 있는 위치의 콘텐츠, 코드 및 추가 기능은 사용자의 허가 없이도 최소한의 보안 수준으로 로드할 수 있습니다. 신뢰할 수 있는 위치에서 위험한 파일을 여는 경우에는 표준 보안 방식을 따르지 않는 것이므로 사용자 컴퓨터 또는 데이터가 손상될 수 있습니다.\n      \n이 정책 설정을 사용하면 설치 중에 Office 2016에서 설정했거나, 그룹 정책을 사용하여 사용자에게 배포했거나, 사용자가 직접 추가한 신뢰할 수 있는 위치를 비롯하여 지정된 응용 프로그램에서 모든 신뢰할 수 있는 위치(보안 센터에서 지정됨)가 무시됩니다. 신뢰할 수 있는 위치에서 파일을 열 때는 사용자에게 다시 메시지가 표시됩니다.\n\n이 정책 설정을 사용하지 않거나 구성하지 않으면 지정된 응용 프로그램에서 모든 신뢰할 수 있는 위치(보안 센터에서 지정됨)가 안전한 것으로 간주됩니다.","tags":["L_TrustedLocations","L_TrustCenter","L_Security","L_ApplicationSettings","L_MicrosoftOfficeaccess"],"application":"access16","key":"software\\microsoft\\office\\16.0\\access\\security\\trusted locations","valueName":"alllocationsdisabled"},{"parentCategory":{"ref":"L_Miscellaneous"},"supportedOn":{"ref":"windows:SUPPORTED_Windows7"},"elements":{"items":[{"item":[{"value":{"decimal":{"value":12}},"displayName":"Access 2007"},{"value":{"decimal":{"value":10}},"displayName":"Access 2002-2003"},{"value":{"decimal":{"value":9}},"displayName":"Access 2000"}],"valueName":"default file format","inputType":"dropdownList","id":"L_empty87"}]},"name":"L_DefaultFileFormat","displayName":"기본 파일 형식","explainText":"이 정책 설정은 새 데이터베이스 파일을 새 Access 형식으로 만들지, 또는 이전 버전의 Access에서 사용된 형식으로 만들지 제어합니다.\n      \n이 정책 설정을 사용하면 기본적으로 새 데이터베이스 파일을 Access 2016 형식으로 만들지, 또는 Access 2002-2003 형식으로 만들지 지정할 수 있습니다. 사용자는 여전히 파일을 저장할 때 기본값을 재정의하고 특정 형식을 선택할 수는 있지만 [Access 옵션] 대화 상자에서 기본값을 직접 설정할 수는 없습니다.\n      \n이 정책 설정을 사용하지 않거나 구성하지 않으면 사용자가 새 데이터베이스 파일을 만들 때 Access에서 이를 새 Access 2016 형식으로 저장합니다. 하지만 사용자는 Access 옵션 | 기본 설정 | 데이터베이스 만들기 아래의 [기본 파일 형식] 드롭다운 목록에서 파일 형식을 선택하여 이 기능을 변경할 수 있습니다. 참고: 이 정책 설정을 사용하지 않으면 사용자가 Access 2000, Access 2002-2003, Access 2016 중에서 기본 파일 형식을 선택할 수 있습니다. 이 정책 설정을 사용하여 Access 2002-2003 형식 또는 Access 2016 형식을 기본값으로 지정할 수는 있지만 Access 2000 형식을 기본값으로 지정할 수는 없습니다.","tags":["L_Miscellaneous","L_MicrosoftOfficeaccess"],"application":"access16","key":"software\\microsoft\\office\\16.0\\access\\settings"},{"parentCategory":{"ref":"L_Miscellaneous"},"supportedOn":{"ref":"windows:SUPPORTED_Windows7"},"enabledValue":{"decimal":{"value":1}},"disabledValue":{"decimal":{"value":0}},"name":"L_Donotprompttoconvertolderdatabases","displayName":"이전 데이터베이스 변환 여부 확인 안 함","explainText":"이 정책 설정은 Access에서 이전 데이터베이스를 열 때 사용자에게 변환 확인 메시지를 표시할지 여부를 제어합니다. \n      \n이 정책 설정을 사용하면 Access에서 Access 97 형식 데이터베이스를 변경하지 않고 그대로 둡니다. Access는 사용자에게 데이터베이스가 이전 형식임을 알리기는 하지만 데이터베이스 변환 옵션을 제공하지는 않습니다. 최근 버전의 Access에 구현된 일부 기능을 사용할 수 없으며 사용자는 데이터베이스의 디자인을 변경할 수 없습니다.\n      \n이 정책 설정을 사용하지 않거나 구성하지 않으면 사용자가 Access 97 파일 형식으로 만들어진 데이터베이스를 열 때 Access는 해당 데이터베이스를 새로운 파일 형식으로 변환할 것인지 확인합니다. 사용자는 데이터베이스를 변환하도록 또는 이전 형식으로 유지하도록 선택할 수 있습니다.","tags":["L_Miscellaneous","L_MicrosoftOfficeaccess"],"application":"access16","key":"software\\microsoft\\office\\16.0\\access\\settings","valueName":"noconvertdialog"},{"parentCategory":{"ref":"L_Miscellaneous"},"supportedOn":{"ref":"windows:SUPPORTED_Windows7"},"enabledValue":{"decimal":{"value":1}},"disabledValue":{"decimal":{"value":0}},"name":"L_2007CompatibleCachePolicy","displayName":"Access 2007 호환 캐시 사용","explainText":"이 정책 설정을 통해 강제로 새 데이터베이스 및 기존 데이터베이스가 Access 2007과 호환되는 캐시를 사용하도록 설정할 수 있습니다.\n\n이 정책 설정을 사용하면 새 데이터베이스 및 기존 데이터베이스는 Access 2007과 호환되는 캐싱을 사용합니다.\n\n이 정책 설정을 사용하지 않거나 구성하지 않으면 새 데이터베이스는 기본적으로 Access 2007과 호환되지 않는 캐싱을 사용하게 되며 기존 데이터베이스는 만들어졌을 때 사용된 캐싱 모드를 사용합니다.\n","tags":["L_Miscellaneous","L_MicrosoftOfficeaccess"],"application":"access16","key":"software\\microsoft\\office\\16.0\\access\\settings","valueName":"use2007compatiblecache"},{"parentCategory":{"ref":"L_Miscellaneous"},"supportedOn":{"ref":"windows:SUPPORTED_Windows7"},"enabledValue":{"decimal":{"value":1}},"disabledValue":{"decimal":{"value":0}},"name":"L_ClearCacheOnClosePolicy","displayName":"닫을 때 캐시 지우기","explainText":"이 정책 설정을 통해 데이터베이스를 닫을 때 Access 2016과 호환되지 않는 데이터베이스에 대해 캐시를 강제로 지우도록 설정할 수 있습니다.\n\n이 정책 설정을 사용하면 Access 2016 호환 캐싱을 사용하지 않는 데이터베이스를 닫을 때 캐시된 Microsoft SharePoint 또는 BDC(비즈니스 데이터 카탈로그) 연결이 지워집니다. 데이터베이스가 Access 2016 호환 캐싱을 사용하는 경우 이 정책 설정을 사용하도록 설정해도 아무런 효과가 없습니다.\n\n이 정책 설정을 사용하지 않거나 구성하지 않으면 Access 2016 호환 캐싱을 사용하지 않는 데이터베이스를 닫을 때 캐시된 Microsoft SharePoint 또는 BDC(비즈니스 데이터 카탈로그) 연결이 지워지지 않습니다. 데이터베이스가 Access 2016 호환 캐싱을 사용하는 경우 이 정책 설정을 사용하도록 설정하지 않거나 구성하지 않아도 아무런 효과가 없습니다.","tags":["L_Miscellaneous","L_MicrosoftOfficeaccess"],"application":"access16","key":"software\\microsoft\\office\\16.0\\access\\settings","valueName":"clearcacheonclose"},{"parentCategory":{"ref":"L_Miscellaneous"},"supportedOn":{"ref":"windows:SUPPORTED_Windows7"},"enabledValue":{"decimal":{"value":1}},"disabledValue":{"decimal":{"value":0}},"name":"L_NeverCachePolicy","displayName":"데이터 캐시 안 함","explainText":"이 정책 설정을 통해 Access 2016 호환 캐싱을 사용하지 않는 데이터베이스가 데이터를 캐시하지 않도록 설정할 수 있습니다.\n\n이 정책 설정을 사용하면 Access 2016 호환 캐싱을 사용하지 않는 데이터베이스의 경우 Microsoft SharePoint 또는 BDC(비즈니스 데이터 카탈로그)의 데이터가 캐시되지 않습니다. 데이터베이스가 Access 2016 호환 캐싱을 사용하는 경우 이 정책 설정을 사용하도록 설정해도 아무런 효과가 없습니다.\n\n이 정책 설정을 사용하지 않거나 구성하지 않으면 Access 2016 호환 캐싱을 사용하지 않는 데이터베이스의 경우 Microsoft SharePoint 또는 BDC(비즈니스 데이터 카탈로그)의 데이터가 캐시됩니다. 데이터베이스가 Access 2016 호환 캐싱을 사용하는 경우 이 정책 설정을 사용하도록 설정하지 않거나 구성하지 않아도 아무런 효과가 없습니다.","tags":["L_Miscellaneous","L_MicrosoftOfficeaccess"],"application":"access16","key":"software\\microsoft\\office\\16.0\\access\\settings","valueName":"nevercache"},{"parentCategory":{"ref":"L_Miscellaneous"},"supportedOn":{"ref":"windows:SUPPORTED_Windows7"},"elements":{"items":[{"valueName":"personaltemplatesaccess","requiredSpecified":false,"expandable":true,"expandableSpecified":true,"maxLengthSpecified":false,"inputType":"textBox","caption":"개인 서식 파일 경로","id":"L_PersonalTemplatesPath"}]},"name":"L_PersonalTemplatesPath","displayName":"Access의 개인 서식 파일 경로","explainText":"이 정책 설정은 사용자 개인 서식 파일의 위치를 지정합니다. \n\n이 정책 설정을 사용하면 Office 시작 화면과 [파일] | [새로 만들기]에서 [사용자 지정 서식 파일] 탭의 지정된 위치에 사용자가 저장한 서식 파일이 표시되고 서식 파일을 저장할 때 기본 폴더가 지정된 위치로 변경됩니다. \n\n이 정책 설정을 사용하지 않거나 구성하지 않으면 Office 시작 화면과 [파일] | [새로 만들기]에서 [사용자 지정 서식 파일] 탭에 사용자가 저장한 서식 파일이 표시되지 않으며 서식 파일을 저장할 때 기본 폴더에 문서가 저장됩니다.","tags":["L_Miscellaneous","L_MicrosoftOfficeaccess"],"application":"access16","key":"software\\microsoft\\office\\16.0\\access\\settings"},{"parentCategory":{"ref":"L_Miscellaneous"},"supportedOn":{"ref":"windows:SUPPORTED_Windows7"},"enabledValue":{"decimal":{"value":1}},"disabledValue":{"decimal":{"value":0}},"name":"L_DefaultCustomTab","displayName":"Access에서 Office 시작 화면과 [파일] | [새로 만들기]에 [사용자 지정 서식 파일] 탭을 기본적으로 표시","explainText":"이 정책 설정은 Access에서 Office 시작 화면과 [파일] | [새로 만들기]에 [사용자 지정 서식 파일](있을 경우) 탭을 기본 탭으로 표시할지 여부를 제어합니다.\n\n이 정책 설정을 사용하면 서식 파일이 있을 경우 Access에서 Office 시작 화면과 [파일] | [새로 만들기]에 [사용자 지정 서식 파일] 탭이 기본 탭으로 사용자에게 표시됩니다. 이러한 서식 파일에는 사용자 지정 XML 프로그래밍 서식 파일, 작업 그룹 서식 파일 경로의 서식 파일, 개인 서식 파일 경로의 서식 파일 또는 SharePoint 서식 파일이 포함됩니다.\n\n이 정책 설정을 사용하지 않거나 구성하지 않으면 모든 Office 제공 서식 파일을 사용하지 않도록 설정하지 않았을 경우 Access에서 Office 시작 화면과 [파일] | [새로 만들기]에 [주요 서식 파일] 탭이 기본 탭으로 표시됩니다.","tags":["L_Miscellaneous","L_MicrosoftOfficeaccess"],"application":"access16","key":"software\\microsoft\\office\\16.0\\access\\settings","valueName":"officestartdefaulttab"}]}