{"categories":[{"name":"L_MicrosoftOfficeaccess","displayName":"Microsoft Access 2016"},{"parentCategory":{"ref":"L_MicrosoftOfficeaccess"},"name":"L_ApplicationSettings","displayName":"Application Settings"},{"parentCategory":{"ref":"L_ApplicationSettings"},"name":"L_International","displayName":"International"},{"parentCategory":{"ref":"L_ApplicationSettings"},"name":"L_WebOptions","displayName":"Web Options..."},{"parentCategory":{"ref":"L_WebOptions"},"name":"L_General","displayName":"General"},{"parentCategory":{"ref":"L_ApplicationSettings"},"name":"L_general5","displayName":"General"},{"parentCategory":{"ref":"L_ApplicationSettings"},"name":"L_Security","displayName":"Security"},{"parentCategory":{"ref":"L_Security"},"name":"L_Cryptography","displayName":"Cryptography"},{"parentCategory":{"ref":"L_Security"},"name":"L_TrustCenter","displayName":"Trust Center"},{"parentCategory":{"ref":"L_TrustCenter"},"name":"L_TrustedLocations","displayName":"Trusted Locations"},{"parentCategory":{"ref":"L_MicrosoftOfficeaccess"},"name":"L_Customizableerrormessages","displayName":"Customizable Error Messages"},{"parentCategory":{"ref":"L_MicrosoftOfficeaccess"},"name":"L_Disableitemsinuserinterface","displayName":"Disable Items in User Interface"},{"parentCategory":{"ref":"L_Disableitemsinuserinterface"},"name":"L_Custom","displayName":"Custom"},{"parentCategory":{"ref":"L_MicrosoftOfficeaccess"},"name":"L_Miscellaneous","displayName":"Miscellaneous"}],"policies":[{"parentCategory":{"ref":"L_International"},"supportedOn":{"ref":"windows:SUPPORTED_Windows7"},"elements":{"items":[{"item":[{"value":{"decimal":{"value":0}},"displayName":"Left-to-Right"},{"value":{"decimal":{"value":1}},"displayName":"Right-to-left"}],"valueName":"new tables/queries/forms/reports","inputType":"dropdownList","caption":"Default direction","id":"L_defaultdirection0"}]},"name":"L_Defaultdirection","displayName":"Default direction","explainText":"Specifies the default left-right text direction.","tags":["L_International","L_ApplicationSettings","L_MicrosoftOfficeaccess"],"application":"access16","key":"software\\microsoft\\office\\16.0\\access\\settings"},{"parentCategory":{"ref":"L_International"},"supportedOn":{"ref":"windows:SUPPORTED_Windows7"},"elements":{"items":[{"item":[{"value":{"decimal":{"value":0}},"displayName":"Interface mode"},{"value":{"decimal":{"value":1}},"displayName":"Text mode"}],"valueName":"general alignment","inputType":"dropdownList","caption":"General Alignment","id":"L_generalalignment1"}]},"name":"L_GeneralAlignment","displayName":"General Alignment","explainText":"Specifies the default text alignment.","tags":["L_International","L_ApplicationSettings","L_MicrosoftOfficeaccess"],"application":"access16","key":"software\\microsoft\\office\\16.0\\access\\settings"},{"parentCategory":{"ref":"L_International"},"supportedOn":{"ref":"windows:SUPPORTED_Windows7"},"elements":{"items":[{"item":[{"value":{"decimal":{"value":0}},"displayName":"Logical"},{"value":{"decimal":{"value":1}},"displayName":"Visual"}],"valueName":"cursor","inputType":"dropdownList","caption":"Cursor movement","id":"L_cursormovement2"}]},"name":"L_Cursormovement","displayName":"Cursor movement","explainText":"Specifies the default cursor movement mode.","tags":["L_International","L_ApplicationSettings","L_MicrosoftOfficeaccess"],"application":"access16","key":"software\\microsoft\\office\\16.0\\access\\settings"},{"parentCategory":{"ref":"L_General"},"supportedOn":{"ref":"windows:SUPPORTED_Windows7"},"elements":{"items":[{"item":[{"value":{"decimal":{"value":0}},"displayName":"Black"},{"value":{"decimal":{"value":1}},"displayName":"Maroon"},{"value":{"decimal":{"value":2}},"displayName":"Green"},{"value":{"decimal":{"value":3}},"displayName":"Olive"},{"value":{"decimal":{"value":4}},"displayName":"Dark Blue"},{"value":{"decimal":{"value":5}},"displayName":"Violet"},{"value":{"decimal":{"value":6}},"displayName":"Teal"},{"value":{"decimal":{"value":7}},"displayName":"Gray"},{"value":{"decimal":{"value":8}},"displayName":"Silver"},{"value":{"decimal":{"value":9}},"displayName":"Red"},{"value":{"decimal":{"value":10}},"displayName":"Bright Green"},{"value":{"decimal":{"value":11}},"displayName":"Yellow"},{"value":{"decimal":{"value":12}},"displayName":"Blue"},{"value":{"decimal":{"value":13}},"displayName":"Fuchsia"},{"value":{"decimal":{"value":14}},"displayName":"Aqua"},{"value":{"decimal":{"value":15}},"displayName":"White"}],"valueName":"hyperlinkcolor","inputType":"dropdownList","caption":"Hyperlink color","id":"L_hyperlinkcolor3"}]},"name":"L_Hyperlinkcolor","displayName":"Hyperlink color","explainText":"Specifies the default hyperlink text color.","tags":["L_General","L_WebOptions","L_ApplicationSettings","L_MicrosoftOfficeaccess"],"application":"access16","key":"software\\microsoft\\office\\16.0\\access\\internet"},{"parentCategory":{"ref":"L_General"},"supportedOn":{"ref":"windows:SUPPORTED_Windows7"},"elements":{"items":[{"item":[{"value":{"decimal":{"value":0}},"displayName":"Black"},{"value":{"decimal":{"value":1}},"displayName":"Maroon"},{"value":{"decimal":{"value":2}},"displayName":"Green"},{"value":{"decimal":{"value":3}},"displayName":"Olive"},{"value":{"decimal":{"value":4}},"displayName":"Dark Blue"},{"value":{"decimal":{"value":5}},"displayName":"Violet"},{"value":{"decimal":{"value":6}},"displayName":"Teal"},{"value":{"decimal":{"value":7}},"displayName":"Gray"},{"value":{"decimal":{"value":8}},"displayName":"Silver"},{"value":{"decimal":{"value":9}},"displayName":"Red"},{"value":{"decimal":{"value":10}},"displayName":"Bright Green"},{"value":{"decimal":{"value":11}},"displayName":"Yellow"},{"value":{"decimal":{"value":12}},"displayName":"Blue"},{"value":{"decimal":{"value":13}},"displayName":"Fuchsia"},{"value":{"decimal":{"value":14}},"displayName":"Aqua"},{"value":{"decimal":{"value":15}},"displayName":"White"}],"valueName":"followedhyperlinkcolor","inputType":"dropdownList","caption":"Followed hyperlink color","id":"L_followedhyperlinkcolor4"}]},"name":"L_Followedhyperlinkcolor","displayName":"Followed hyperlink color","explainText":"Specifies the default text color of followed hyperlinks.","tags":["L_General","L_WebOptions","L_ApplicationSettings","L_MicrosoftOfficeaccess"],"application":"access16","key":"software\\microsoft\\office\\16.0\\access\\internet"},{"parentCategory":{"ref":"L_General"},"supportedOn":{"ref":"windows:SUPPORTED_Windows7"},"enabledValue":{"decimal":{"value":0}},"disabledValue":{"decimal":{"value":1}},"name":"L_Underlinehyperlinks","displayName":"Underline hyperlinks","explainText":"This policy setting controls whether hyperlinks in Access tables, queries, forms, and reports are underlined. \n      \nIf you enable this policy setting, Access underlines all hyperlinks in tables, queries, forms, and reports when they are created, overriding any configuration changes on the users' computers. \n      \nIf you disable this policy setting, Access does not underline hyperlinks in tables, queries, forms and reports. \n      \nIf you do not configure this policy setting, Access underlines hyperlinks that appear in tables, queries, forms, and reports. \n      \nEnabling this policy setting enforces the default configuration in Access, and is therefore unlikely to cause a significant usability issue for most users. If this configuration is changed, users might click on dangerous hyperlinks without realizing it, which could pose a security risk.","tags":["L_General","L_WebOptions","L_ApplicationSettings","L_MicrosoftOfficeaccess"],"application":"access16","key":"software\\microsoft\\office\\16.0\\access\\internet","valueName":"donotunderlinehyperlinks"},{"parentCategory":{"ref":"L_general5"},"supportedOn":{"ref":"windows:SUPPORTED_Windows7"},"elements":{"items":[{"valueName":"max display","minValue":0,"minValueSpecified":true,"maxValue":50,"maxValueSpecified":true,"inputType":"decimalTextBox","caption":"Number of entries: ","id":"L_Numberofentries"}]},"name":"L_Recentlyusedfilelist","displayName":"Number of files in the Recent list","explainText":"This policy setting specifies the number of entries displayed in the Recent list that appears when users click Open on the File tab in Backstage view.  \n\nIf you enable this policy setting, you can specify the number of entries to be between 0 and 50. If you set the number to 0, all pinned and unpinned entries are hidden.\n\nIf you disable or do not configure this policy setting, a maximum of 25 items will be displayed in the Recent list.\n\nNote: If you want to prevent items from being added to the Recent list entirely, you can enable the \"Do not keep history of recently opened documents\" Windows policy setting.","tags":["L_general5","L_ApplicationSettings","L_MicrosoftOfficeaccess"],"application":"access16","key":"software\\microsoft\\office\\16.0\\access\\file mru"},{"parentCategory":{"ref":"L_general5"},"supportedOn":{"ref":"windows:SUPPORTED_Windows7"},"elements":{"items":[{"valueName":"max display","minValue":0,"minValueSpecified":true,"maxValue":20,"maxValueSpecified":true,"inputType":"decimalTextBox","caption":"Number of folders: ","id":"L_SetNumberOfPlacesInTheRecentPlacesListSpinID"}]},"name":"L_SetNumberOfPlacesInTheRecentPlacesList","displayName":"Number of folders in the Recent Folders list","explainText":"This policy setting specifies the number of unpinned entries displayed in the Recent Folders list that appears when users click Open or Save As on the File tab in Backstage view.\n\nIf you enable this policy setting, you can specify the number of unpinned entries to be between 0 and 20. If you set the number to 0, all pinned and unpinned entries are hidden.\n\nIf you disable or do not configure this policy setting, a maximum of 5 unpinned items are displayed in the Recent Folders list.\n\nNote: If you want to prevent items from being added to the Recent Folders list entirely, you can enable the \"Do not keep history of recently opened documents\" Windows policy setting.","tags":["L_general5","L_ApplicationSettings","L_MicrosoftOfficeaccess"],"application":"access16","key":"software\\microsoft\\office\\16.0\\access\\place mru"},{"parentCategory":{"ref":"L_general5"},"supportedOn":{"ref":"windows:SUPPORTED_Windows7"},"elements":{"items":[{"valueName":"default database directory","requiredSpecified":false,"expandableSpecified":false,"maxLengthSpecified":false,"inputType":"textBox","caption":"Default database folder","id":"L_defaultdatabasefolder6"}]},"name":"L_Defaultdatabasefolder","displayName":"Default database folder","explainText":"Specifies the default working folder.","tags":["L_general5","L_ApplicationSettings","L_MicrosoftOfficeaccess"],"application":"access16","key":"software\\microsoft\\office\\16.0\\access\\settings"},{"parentCategory":{"ref":"L_Cryptography"},"supportedOn":{"ref":"windows:SUPPORTED_Windows7"},"elements":{"items":[{"valueName":"cipheralgorithm","required":true,"requiredSpecified":true,"expandableSpecified":false,"maxLengthSpecified":false,"inputType":"textBox","caption":"CNG cipher algorithm:","id":"L_SetCNGCipherAlgorithmID"}]},"name":"L_SetCNGCipherAlgorithm","displayName":"Set CNG cipher algorithm","explainText":"This policy setting allows you to configure the CNG cipher algorithm that is used.\n\nIf you enable this policy setting, then the cipher provided will be used if it is a supported algorithm.\n\nIf you disable or do not configure this policy setting, AES will be used.","tags":["L_Cryptography","L_Security","L_ApplicationSettings","L_MicrosoftOfficeaccess"],"application":"access16","key":"software\\microsoft\\office\\16.0\\access\\security\\crypto"},{"parentCategory":{"ref":"L_Cryptography"},"supportedOn":{"ref":"windows:SUPPORTED_Windows7"},"elements":{"items":[{"item":[{"value":{"string":"ChainingModeCBC"},"displayName":"Cipher Block Chaining (CBC)"},{"value":{"string":"ChainingModeCFB"},"displayName":"Cipher Feedback (CFB)"}],"valueName":"cipherchaining","inputType":"dropdownList","id":"L_ConfigureCNGCipherChainingModeDropID"}]},"name":"L_ConfigureCNGCipherChainingMode","displayName":"Configure CNG cipher chaining mode","explainText":"This policy setting allows you to configure the cipher chaining mode used.\n\nIf you enable this policy setting, the cipher chaining mode specified will be applied.\n\nIf you disable or do not configure this policy setting, Cipher Block Chaining (CBC) will be the default CNG cipher chaining mode used.","tags":["L_Cryptography","L_Security","L_ApplicationSettings","L_MicrosoftOfficeaccess"],"application":"access16","key":"software\\microsoft\\office\\16.0\\access\\security\\crypto"},{"parentCategory":{"ref":"L_Cryptography"},"supportedOn":{"ref":"windows:SUPPORTED_Windows7"},"elements":{"items":[{"valueName":"cipherkeybits","minValue":0,"minValueSpecified":true,"maxValue":1000000,"maxValueSpecified":true,"inputType":"decimalTextBox","caption":"Cipher key length","id":"L_SetCNGCipherKeyLengthSpinID"}]},"name":"L_SetCNGCipherKeyLength","displayName":"Set CNG cipher key length","explainText":"This policy setting allows you to configure the number of bits to use when creating the cipher key.  This number will be rounded down to a multiple of 8.\n\nIf you enable this policy setting, the key bits specified will be used.\n\nIf you disable or do not configure this policy setting, the default value will be used.","tags":["L_Cryptography","L_Security","L_ApplicationSettings","L_MicrosoftOfficeaccess"],"application":"access16","key":"software\\microsoft\\office\\16.0\\access\\security\\crypto"},{"parentCategory":{"ref":"L_Cryptography"},"supportedOn":{"ref":"windows:SUPPORTED_Windows7"},"elements":{"items":[{"item":[{"value":{"decimal":{"value":0}},"displayName":"Use legacy format"},{"value":{"decimal":{"value":1}},"displayName":"Use next generation format"},{"value":{"decimal":{"value":2}},"displayName":"All files save with next generation format"}],"valueName":"compatmode","inputType":"dropdownList","id":"L_SpecifyEncryptionCompatibilityDropID"}]},"name":"L_SpecifyEncryptionCompatibility","displayName":"Specify encryption compatibility","explainText":"This policy setting allows you to specify the encrypted database compatibility.\n\nIf you enable this policy setting, the compatibility format specified will be applied during encryption for new files\n- Use legacy format\n- Use next generation format\n- All files save with next generation format\n\nIf you disable or do not configure this policy setting, the default setting, \"Use next generation format,\" will be applied.","tags":["L_Cryptography","L_Security","L_ApplicationSettings","L_MicrosoftOfficeaccess"],"application":"access16","key":"software\\microsoft\\office\\16.0\\access\\security\\crypto"},{"parentCategory":{"ref":"L_Cryptography"},"supportedOn":{"ref":"windows:SUPPORTED_Windows7"},"elements":{"items":[{"valueName":"context","required":true,"requiredSpecified":true,"expandableSpecified":false,"maxLengthSpecified":false,"inputType":"textBox","caption":"Parameters","id":"L_SetParametersForCNGContextID"}]},"name":"L_SetParametersForCNGContext","displayName":"Set parameters for CNG context","explainText":"This policy setting allows you to specify the encryption parameters that should be used for the CNG context. \n\nIf you enable this policy setting, the parameters specified will be passed to the CNG context.\n\nIf you disable or do not configure this policy setting, the default CNG values will be used.","tags":["L_Cryptography","L_Security","L_ApplicationSettings","L_MicrosoftOfficeaccess"],"application":"access16","key":"software\\microsoft\\office\\16.0\\access\\security\\crypto"},{"parentCategory":{"ref":"L_Cryptography"},"supportedOn":{"ref":"windows:SUPPORTED_Windows7"},"elements":{"items":[{"item":[{"value":{"string":"SHA1"},"displayName":"SHA1"},{"value":{"string":"SHA256"},"displayName":"SHA256"},{"value":{"string":"SHA384"},"displayName":"SHA384"},{"value":{"string":"SHA512"},"displayName":"SHA512"}],"valueName":"hashalgorithm","inputType":"dropdownList","id":"L_SpecifyCNGHashAlgorithmDropID"}]},"name":"L_SpecifyCNGHashAlgorithm","displayName":"Specify CNG hash algorithm","explainText":"This policy setting allows you to specify the hash algorithm used.\n\nIf you enable this policy setting, the hashing algorithm selected will be used by CNG.\n\nIf you disable or do not configure this policy setting, the default CNG hash algorithm will be used.","tags":["L_Cryptography","L_Security","L_ApplicationSettings","L_MicrosoftOfficeaccess"],"application":"access16","key":"software\\microsoft\\office\\16.0\\access\\security\\crypto"},{"parentCategory":{"ref":"L_Cryptography"},"supportedOn":{"ref":"windows:SUPPORTED_Windows7"},"elements":{"items":[{"valueName":"passwordspincount","minValue":0,"minValueSpecified":true,"maxValue":10000000,"maxValueSpecified":true,"inputType":"decimalTextBox","id":"L_SetCNGPasswordSpinCountSpinID"}]},"name":"L_SetCNGPasswordSpinCount","displayName":"Set CNG password spin count","explainText":"This policy setting allows you to specify the number of times to spin (rehash) the password verifier.\n\nIf you enable this policy setting, the number specified will be the number of times the password will be rehashed.\n\nIf you disable or do not configure this policy setting, the default (100000) will be used.","tags":["L_Cryptography","L_Security","L_ApplicationSettings","L_MicrosoftOfficeaccess"],"application":"access16","key":"software\\microsoft\\office\\16.0\\access\\security\\crypto"},{"parentCategory":{"ref":"L_Cryptography"},"supportedOn":{"ref":"windows:SUPPORTED_Windows7"},"elements":{"items":[{"valueName":"rngalgorithm","required":true,"requiredSpecified":true,"expandableSpecified":false,"maxLengthSpecified":false,"inputType":"textBox","caption":"Random number generator:","id":"L_SpecifyCNGRandomNumberGeneratorAlgorithmID"}]},"name":"L_SpecifyCNGRandomNumberGeneratorAlgorithm","displayName":"Specify CNG random number generator algorithm","explainText":"This policy setting allows you to configure the CNG random number generator to use.\n\nIf you enable this policy setting, the random number generator specified will be used.\n\nIf you disable or do not configure this policy setting, the default random number generator will be used.","tags":["L_Cryptography","L_Security","L_ApplicationSettings","L_MicrosoftOfficeaccess"],"application":"access16","key":"software\\microsoft\\office\\16.0\\access\\security\\crypto"},{"parentCategory":{"ref":"L_Cryptography"},"supportedOn":{"ref":"windows:SUPPORTED_Windows7"},"elements":{"items":[{"valueName":"saltbytes","minValue":0,"minValueSpecified":true,"maxValue":5000,"maxValueSpecified":true,"inputType":"decimalTextBox","caption":"Number of bytes","id":"L_SpecifyCNGSaltLengthSpinID"}]},"name":"L_SpecifyCNGSaltLength","displayName":"Specify CNG salt length","explainText":"This policy setting allows you to specific the number of bytes of salt that should be used.\n\nIf you enable this policy setting, the bytes specified will be used.\n\nIf you disable or do not configure this policy setting, the default length or 16 will be used.","tags":["L_Cryptography","L_Security","L_ApplicationSettings","L_MicrosoftOfficeaccess"],"application":"access16","key":"software\\microsoft\\office\\16.0\\access\\security\\crypto"},{"parentCategory":{"ref":"L_TrustCenter"},"supportedOn":{"ref":"windows:SUPPORTED_Windows7"},"elements":{"items":[{"valueName":"maxtrusteddocuments","minValue":0,"minValueSpecified":true,"maxValue":20000,"maxValueSpecified":true,"inputType":"decimalTextBox","caption":"Maximum number:","id":"L_SetMaximumNumberOfTrustedDocumentsSpinID"}]},"name":"L_SetMaximumNumberOfTrustedDocuments","displayName":"Set maximum number of trusted documents","explainText":"This policy setting allows you to specify the maximum number of trust records for trusted documents that can be stored in the registry before the purge task runs. The purge task reduces the number of trusted documents stored in the registry to the value set by the \"Set maximum number of trust records to preserve\" policy setting.\n\nIf you enable this policy setting, you can specify the maximum number of trusted documents to be stored in the registry before the purge task runs, with an upper limit of 20,000 documents. For performance reasons, we do not recommend setting this policy setting to the upper limit.\n\nIf you disable or do not configure this policy setting, the default value of 500 is used for the maximum number of trusted documents that can be stored in the registry before the purge task runs.","tags":["L_TrustCenter","L_Security","L_ApplicationSettings","L_MicrosoftOfficeaccess"],"application":"access16","key":"software\\microsoft\\office\\16.0\\access\\security\\trusted documents"},{"parentCategory":{"ref":"L_TrustCenter"},"supportedOn":{"ref":"windows:SUPPORTED_Windows7"},"elements":{"items":[{"valueName":"maxpreservetrusteddocuments","minValue":0,"minValueSpecified":true,"maxValue":20000,"maxValueSpecified":true,"inputType":"decimalTextBox","caption":"Maximum to preserve:","id":"L_SetMaximumNumberOfTrustRecordsToPreserveSpinID"}]},"name":"L_SetMaximumNumberOfTrustRecordsToPreserve","displayName":"Set maximum number of trust records to preserve","explainText":"This policy setting allows you to specify the maximum number of trust records to preserve when the purge task detects that this application has trusted more than the number of trusted documents set by the \"Set maximum number of trusted documents\" policy setting.\n\nIf you enable this policy setting, you may specify the maximum number of trust records to preserve, with an upper limit of 20000.  Due to performance reasons, it is not recommended to set it to the upper limit.\n\nIf you disable or you do not configure this policy setting, the default value for of 400 is used.","tags":["L_TrustCenter","L_Security","L_ApplicationSettings","L_MicrosoftOfficeaccess"],"application":"access16","key":"software\\microsoft\\office\\16.0\\access\\security\\trusted documents"},{"parentCategory":{"ref":"L_TrustCenter"},"supportedOn":{"ref":"windows:SUPPORTED_Windows7"},"elements":{"items":[{"item":[{"value":{"decimal":{"value":2}},"displayName":"Disable all with notification"},{"value":{"decimal":{"value":3}},"displayName":"Disable all except digitally signed macros"},{"value":{"decimal":{"value":4}},"displayName":"Disable all without notification"},{"value":{"decimal":{"value":1}},"displayName":"Enable all macros (not recommended)"}],"valueName":"vbawarnings","inputType":"dropdownList","id":"L_Empty"},{"trueValue":{"decimal":{"value":1}},"falseValue":{"decimal":{"value":0}},"valueName":"vbadigsigtrustedpublishers","key":"software\\microsoft\\office\\16.0\\access\\security","inputType":"checkBox","caption":"Require macros to be signed by a trusted publisher","id":"L_VBADigSigTrustedPublishersStr"},{"trueValue":{"decimal":{"value":1}},"falseValue":{"decimal":{"value":0}},"valueName":"vbarequirelmtrustedpublisher","key":"software\\microsoft\\office\\16.0\\access\\security","inputType":"checkBox","caption":"Block certificates from trusted publishers that are only installed in the current user certificate store","id":"L_VBAOnlyAllowLMTrustedPublisherStr"},{"trueValue":{"decimal":{"value":1}},"falseValue":{"decimal":{"value":0}},"valueName":"vbarequiredigsigwithcodesigningeku","key":"software\\microsoft\\office\\16.0\\access\\security","inputType":"checkBox","caption":"Require Extended Key Usage (EKU) for certificates from trusted publishers","id":"L_VBAOnlyAllowDigSigWithCodeSigningEKUStr"}]},"name":"L_VBAWarningsPolicy","displayName":"VBA Macro Notification Settings","explainText":"This policy setting controls how the specified applications warn users when Visual Basic for Applications (VBA) macros are present.\n\nIf you enable this policy setting, you can choose from four options for determining how the specified applications will warn the user about macros:\n \n- Disable all with notification:  The application displays the Trust Bar for all macros, whether signed or unsigned. This option enforces the default configuration in Office.\n \n- Disable all except digitally signed macros: The application displays the Trust Bar for digitally signed macros, allowing users to enable them or leave them disabled. Any unsigned macros are disabled, and users are not notified.\n \n- Disable all without notification: The application disables all macros, whether signed or unsigned, and does not notify users.\n \n- Enable all macros (not recommended):  All macros are enabled, whether signed or unsigned. This option can significantly reduce security by allowing dangerous code to run undetected.\n \nIf you disable this policy setting, \"Disable all with notification\" will be the default setting.\n \nIf you do not configure this policy setting, when users open files in the specified applications that contain VBA macros, the applications open the files with the macros disabled and display the Trust Bar with a warning that macros are present and have been disabled. Users can inspect and edit the files if appropriate, but cannot use any disabled functionality until they enable it by clicking \"Enable Content\" on the Trust Bar.  If the user clicks \"Enable Content\", then the document is added as a trusted document.\n \nIf you select “Disable all except digitally signed macros” we recommend that you also select the “Require macros to be signed by a trusted publisher” check box to help improve security.\n\nIf you select the “Require macros to be signed by a trusted publisher” check box, users opening files with digitally signed macros but not by a Trusted Publisher will receive a notification that macros are blocked from running. And there are two additional check boxes that we recommend that you select to help improve security.\n\n- Block certificates from trusted publishers that are installed in the current user certificate store\n\n- Require Extended Key Usage (EKU) for certificates from trusted publishers\n\nNote: These two check boxes only apply if you have selected the \"Require macros to be signed by a trusted publisher\" check box.\n\nNote: All three check boxes only apply to Version 2012 and later of Office and Visio. They don’t apply to Office 2016 or Office 2019.\n\nIf you select the “Block certificates from trusted publishers that are installed in the local machine certificate store” check box, macros won’t run if the certificate from the trusted publisher is installed in the current user certificate store. The certificate must be installed in the local machine certificate store for the macro to run. Only accounts with administrator access to the computer can install a certificate in the local machine certificate store.\n\nIf you select the “Require Extended Key Usage (EKU) for certificates from trusted publishers” check box, the EKU must include “Code Signing” as one of the uses of the certificate.\n\nImportant: If \"Disable all except digitally signed macros\" is selected, users will not be able to open unsigned Access databases.\n \nAlso, note that Microsoft Office stores certificates for trusted publishers in the Internet Explorer trusted publisher store. Earlier versions of Microsoft Office stored trusted publisher certificate information (specifically, the certificate thumbprint) in a special Office trusted publisher store. Microsoft Office still reads trusted publisher certificate information from the Office trusted publisher store, but it does not write information to this store.\n \nTherefore, if you created a list of trusted publishers in a previous version of Microsoft Office and you upgrade to Office, your trusted publisher list will still be recognized. However, any trusted publisher certificates that you add to the list will be stored in the Internet Explorer trusted publisher store.","tags":["L_TrustCenter","L_Security","L_ApplicationSettings","L_MicrosoftOfficeaccess"],"application":"access16","key":"software\\microsoft\\office\\16.0\\access\\security"},{"parentCategory":{"ref":"L_TrustCenter"},"supportedOn":{"ref":"windows:SUPPORTED_Windows7"},"enabledValue":{"decimal":{"value":1}},"disabledValue":{"decimal":{"value":0}},"name":"L_BlockMacroExecutionFromInternet","displayName":"Block macros from running in Office files from the internet","explainText":"\n        This policy setting allows you to block macros from running in Office files that come from the internet.\n\n        If you enable this policy setting, macros are blocked from running, even if \"Enable all macros\" is selected in the Macro Settings section of the Trust Center. Users will receive a notification that macros are blocked from running.\n\n        The exceptions when macros will be allowed to run are:\n        - The Office file is saved to a Trusted Location.\n        - The Office file was previously trusted by the user.\n        - Macros are digitally signed and the matching Trusted Publisher certificate is installed on the device.\n\n        If you disable this policy setting, the settings configured in the Macro Settings section of the Trust Center determine whether macros run in Office files that come from the internet.\n\n        If you don’t configure this policy setting, macros will be blocked from running. Users will receive a notification telling them of the security risks of macros from the internet along with a link to learn more.\n\n        For more information, see https://go.microsoft.com/fwlink/p/?linkid=2185771.\n      ","tags":["L_TrustCenter","L_Security","L_ApplicationSettings","L_MicrosoftOfficeaccess"],"application":"access16","key":"software\\microsoft\\office\\16.0\\access\\security","valueName":"blockcontentexecutionfrominternet"},{"parentCategory":{"ref":"L_TrustCenter"},"supportedOn":{"ref":"windows:SUPPORTED_Windows7"},"enabledValue":{"decimal":{"value":1}},"disabledValue":{"decimal":{"value":0}},"name":"L_TurnOffTrustedDocumentsOnTheNetwork","displayName":"Turn off Trusted Documents on the network","explainText":"This policy setting allows you to turn off the trusted documents feature for documents opened from the network.\n\nIf you enable this policy setting, users will always see security notifications for active content such as macros, ActiveX controls, data connections, etc. for documents opened from the network.\n\nIf you disable or do not configure this policy setting, the trusted documents feature allows users to always allow active content in documents such as macros, ActiveX controls, data connections, etc. so that users are not prompted the next time they open the documents.  Trusted documents are exempt from security notifications.","tags":["L_TrustCenter","L_Security","L_ApplicationSettings","L_MicrosoftOfficeaccess"],"application":"access16","key":"software\\microsoft\\office\\16.0\\access\\security\\trusted documents","valueName":"disablenetworktrusteddocuments"},{"parentCategory":{"ref":"L_TrustCenter"},"supportedOn":{"ref":"windows:SUPPORTED_Windows7"},"enabledValue":{"decimal":{"value":1}},"disabledValue":{"decimal":{"value":0}},"name":"L_Disableallapplicationextensions","displayName":"Disable all application add-ins","explainText":"This policy setting disables all add-ins for the specified Office 2016 applications.\n\nIf you enable this policy setting, all add-ins for the specified Office 2016 applications are disabled.\n\nIf you disable or do not configure this policy setting, all add-ins for the specified Office 2016 applications are allowed to run without notifying the users.","tags":["L_TrustCenter","L_Security","L_ApplicationSettings","L_MicrosoftOfficeaccess"],"application":"access16","key":"software\\microsoft\\office\\16.0\\access\\security","valueName":"disablealladdins"},{"parentCategory":{"ref":"L_TrustCenter"},"supportedOn":{"ref":"windows:SUPPORTED_Windows7"},"enabledValue":{"decimal":{"value":1}},"disabledValue":{"decimal":{"value":0}},"name":"L_RequirethatApplicationExtensionsaresigned","displayName":"Require that application add-ins are signed by Trusted Publisher","explainText":"This policy setting controls whether add-ins for this applications must be digitally signed by a trusted publisher.\n \nIf you enable this policy setting, this application checks the digital signature for each add-in before loading it. If an add-in does not have a digital signature, or if the signature did not come from a trusted publisher, this application disables the add-in and notifies the user. Certificates must be added to the Trusted Publishers list if you require that all add-ins be signed by a trusted publisher. For detail on about obtaining and distributing certificates, see http://go.microsoft.com/fwlink/?LinkId=294922. Office 2016 stores certificates for trusted publishers in the Internet Explorer trusted publisher store. Earlier versions of Microsoft Office stored trusted publisher certificate information (specifically, the certificate thumbprint) in a special Office trusted publisher store.  Office 2016 still reads trusted publisher certificate information from the Office trusted publisher store, but it does not write information to this store. Therefore, if you created a list of trusted publishers in a previous version of Office and you upgrade to Office 2016, your trusted publisher list will still be recognized. However, any trusted publisher certificates that you add to the list will be stored in the Internet Explorer trusted publisher store. For more information about trusted publishers, see the Office Resource Kit.\n\nIf you disable or do not configure this policy setting, this application does not check the digital signature on application add-ins before opening them. If a dangerous add-in is loaded, it could harm users' computers or compromise data security.","tags":["L_TrustCenter","L_Security","L_ApplicationSettings","L_MicrosoftOfficeaccess"],"application":"access16","key":"software\\microsoft\\office\\16.0\\access\\security","valueName":"requireaddinsig"},{"parentCategory":{"ref":"L_TrustCenter"},"supportedOn":{"ref":"windows:SUPPORTED_Windows7"},"enabledValue":{"decimal":{"value":1}},"disabledValue":{"decimal":{"value":0}},"name":"L_DisableTrustBarNotificationforunsigned","displayName":"Disable Trust Bar Notification for unsigned application add-ins and block them","explainText":"This policy setting controls whether the specified Office application notifies users when unsigned application add-ins are loaded or silently disable such add-ins without notification. This policy setting only applies if you enable the \"Require that application add-ins are signed by Trusted Publisher\" policy setting, which prevents users from changing this policy setting.\n\nIf you enable this policy setting, applications automatically disable unsigned add-ins without informing users.\n \nIf you disable this policy setting, if this application is configured to require that all add-ins be signed by a trusted publisher, any unsigned add-ins the application loads will be disabled and the application will display the Trust Bar at the top of the active window. The Trust Bar contains a message that informs users about the unsigned add-in.\n\nIf you do not configure this policy setting, the disable behavior applies, and in addition, users can configure this requirement themselves in the \"Add-ins\" category of the Trust Center for the application.","tags":["L_TrustCenter","L_Security","L_ApplicationSettings","L_MicrosoftOfficeaccess"],"application":"access16","key":"software\\microsoft\\office\\16.0\\access\\security","valueName":"notbpromptunsignedaddin"},{"parentCategory":{"ref":"L_TrustCenter"},"supportedOn":{"ref":"windows:SUPPORTED_Windows7"},"enabledValue":{"decimal":{"value":1}},"disabledValue":{"decimal":{"value":0}},"name":"L_TurnOffTrustedDocuments","displayName":"Turn off trusted documents","explainText":"This policy setting allows you to turn off the trusted documents feature.  The trusted documents feature allows users to always enable active content in documents such as macros, ActiveX controls, data connections, etc. so that they are not prompted the next time they open the documents.  Trusted documents are exempt from security notifications.\n\nIf you enable this policy setting, you will turn off the trusted documents feature.  Users will receive a security prompt every time a document containing active content is opened.\n\nIf you disable or do not configure this policy setting, documents will be trusted when users enable content for a document, and users will not receive a security prompt.","tags":["L_TrustCenter","L_Security","L_ApplicationSettings","L_MicrosoftOfficeaccess"],"application":"access16","key":"software\\microsoft\\office\\16.0\\access\\security\\trusted documents","valueName":"disabletrusteddocuments"},{"parentCategory":{"ref":"L_TrustedLocations"},"supportedOn":{"ref":"windows:SUPPORTED_Windows7"},"enabledValue":{"decimal":{"value":1}},"disabledValue":{"decimal":{"value":0}},"name":"L_AllowTrustedLocationsOnTheNetwork","displayName":"Allow Trusted Locations on the network","explainText":"This policy setting controls whether trusted locations on the network can be used.\n      \nIf you enable this policy setting, users can specify trusted locations on network shares or in other remote locations that are not under their direct control by selecting the \"Allow Trusted Locations on my network (not recommended)\" check box in the Trusted Locations section of the Trust Center. Content, code, and add-ins are allowed to load from trusted locations with minimal security and without prompting the user for permission.\n\nIf you disable or do not configure this policy setting, the selected application ignores any network locations listed in the Trusted Locations section of the Trust Center. Disabling this policy setting does not delete any network locations from the Trusted Locations list. Instead, it forces the selected application to treat the locations as non-trusted and prevents users from adding new network locations to the list.\n\nIf you also deploy Trusted Locations via Group Policy, you should verify whether any of them are remote locations. If any of them are remote locations and you do not allow remote locations via this policy setting, those policy keys that point to remote locations will be ignored on client computers.\n\nDisabling this policy setting will cause disruption for users who add network locations to the Trusted Locations list. However, it is not recommended to enable this policy setting (as the \"Allow Trusted Locations on my network (not recommended)\" check box itself states), so in practice it should be possible to disable this policy setting in most situations without causing significant usability issues for most users.\n","tags":["L_TrustedLocations","L_TrustCenter","L_Security","L_ApplicationSettings","L_MicrosoftOfficeaccess"],"application":"access16","key":"software\\microsoft\\office\\16.0\\access\\security\\trusted locations","valueName":"allownetworklocations"},{"parentCategory":{"ref":"L_TrustedLocations"},"supportedOn":{"ref":"windows:SUPPORTED_Windows7"},"enabledValue":{"decimal":{"value":1}},"disabledValue":{"decimal":{"value":0}},"name":"L_DisableTrustedLoc","displayName":"Disable all trusted locations","explainText":"This policy setting allows administrators to disable all trusted locations in the specified applications. Trusted locations specified in the Trust Center are used to define file locations that are assumed to be safe. Content, code, and add-ins are allowed to load from trusted locations with a minimal amount of security, without prompting the users for permission. If a dangerous file is opened from a trusted location, it will not be subject to standard security measures and could harm users' computers or data.\n      \nIf you enable this policy setting, all trusted locations (those specified in the Trust Center) in the specified applications are ignored, including any trusted locations established by Office 2016 during setup, deployed to users using Group Policy, or added by users themselves.  Users will be prompted again when opening files from trusted locations.\n\nIf you disable or do not configure this policy setting, all trusted locations (those specified in the Trust Center) in the specified applications are assumed to be safe.","tags":["L_TrustedLocations","L_TrustCenter","L_Security","L_ApplicationSettings","L_MicrosoftOfficeaccess"],"application":"access16","key":"software\\microsoft\\office\\16.0\\access\\security\\trusted locations","valueName":"alllocationsdisabled"},{"parentCategory":{"ref":"L_Miscellaneous"},"supportedOn":{"ref":"windows:SUPPORTED_Windows7"},"elements":{"items":[{"item":[{"value":{"decimal":{"value":12}},"displayName":"Access 2007"},{"value":{"decimal":{"value":10}},"displayName":"Access 2002-2003"},{"value":{"decimal":{"value":9}},"displayName":"Access 2000"}],"valueName":"default file format","inputType":"dropdownList","id":"L_empty87"}]},"name":"L_DefaultFileFormat","displayName":"Default file format","explainText":"This policy setting controls whether new database files are created in the new Access format or in a format used by earlier versions of Access.\n      \nIf you enable this policy setting, you can specify whether new database files are created in Access 2016 format by default or in Access 2002--2003 format. Users can still override the default and select a specific format when they save the files, but cannot set the default by themselves from the Access Options dialog. \n      \nIf you disable or do not configure this policy setting, when users create new database files, Access saves them in the new Access 2016 format; however, users can change this functionality by selecting a file format from the Default file format drop down list under Access Options | Popular | Creating databases. Note: If you disable this policy setting, users can choose from three default file formats: Access 2000, Access 2002--2003, and Access 2016. You can use this policy setting to specify either the Access 2002--2003 or Access 2016 format as the default, but not the Access 2000 format.","tags":["L_Miscellaneous","L_MicrosoftOfficeaccess"],"application":"access16","key":"software\\microsoft\\office\\16.0\\access\\settings"},{"parentCategory":{"ref":"L_Miscellaneous"},"supportedOn":{"ref":"windows:SUPPORTED_Windows7"},"enabledValue":{"decimal":{"value":1}},"disabledValue":{"decimal":{"value":0}},"name":"L_Donotprompttoconvertolderdatabases","displayName":"Do not prompt to convert older databases","explainText":"This policy setting controls whether Access prompts users to convert older databases when they are opened. \n      \nIf you enable this policy setting, Access will leave Access 97-format databases unchanged. Access informs the user that the database is in the older format, but does not provide the user with an option to convert the database. Some features introduced in more recent versions of Access will not be available, and the user will not be able to make any design changes to the database. \n      \nIf you disable or do not configure this policy setting, when users open databases that were created in the Access 97 file format, Access prompts them to convert the database to a newer file format. Users can choose to convert the database or leave it in the older format.","tags":["L_Miscellaneous","L_MicrosoftOfficeaccess"],"application":"access16","key":"software\\microsoft\\office\\16.0\\access\\settings","valueName":"noconvertdialog"},{"parentCategory":{"ref":"L_Miscellaneous"},"supportedOn":{"ref":"windows:SUPPORTED_Windows7"},"enabledValue":{"decimal":{"value":1}},"disabledValue":{"decimal":{"value":0}},"name":"L_2007CompatibleCachePolicy","displayName":"Use Access 2007 compatible cache","explainText":"This policy setting allows you to force new and existing databases to use a cache compatible Access 2007.\n\nIf you enable this policy setting, new and existing databases will use caching compatible with Access 2007.\n\nIf you disable or do not configure this policy setting, new databases will default to use caching that is not compatible with Access 2007.  Existing databases will use the caching mode that they were created with.\n","tags":["L_Miscellaneous","L_MicrosoftOfficeaccess"],"application":"access16","key":"software\\microsoft\\office\\16.0\\access\\settings","valueName":"use2007compatiblecache"},{"parentCategory":{"ref":"L_Miscellaneous"},"supportedOn":{"ref":"windows:SUPPORTED_Windows7"},"enabledValue":{"decimal":{"value":1}},"disabledValue":{"decimal":{"value":0}},"name":"L_ClearCacheOnClosePolicy","displayName":"Clear cache on close","explainText":"This policy setting allows you to force the cache to be cleared for databases that are not compatible with Access 2016 when the database is closed.\n\nIf you enable this policy setting, then any cached Microsoft SharePoint or Business Data Catalog (BDC) links will be cleared on close for databases that do not use Access 2016 compatible caching.  If the database uses Access 2016 compatible caching, then this policy setting will have no effect when enabled.\n\nIf you disable or do not configure this policy setting, then any cached Microsoft SharePoint or Business Data Catalog (BDC) links will be not cleared on close for databases that do not use Access 2016 compatible caching.  If the database uses Access 2016 compatible caching, then this policy setting will have no effect when disabled or not configured.","tags":["L_Miscellaneous","L_MicrosoftOfficeaccess"],"application":"access16","key":"software\\microsoft\\office\\16.0\\access\\settings","valueName":"clearcacheonclose"},{"parentCategory":{"ref":"L_Miscellaneous"},"supportedOn":{"ref":"windows:SUPPORTED_Windows7"},"enabledValue":{"decimal":{"value":1}},"disabledValue":{"decimal":{"value":0}},"name":"L_NeverCachePolicy","displayName":"Never cache data","explainText":"This policy setting allows you to force databases that do not use Access 2016 compatible caching to not cache any data.\n\nIf you enable this policy setting, then data from Microsoft SharePoint or Business Data Catalog (BDC) will not be cached for databases that do not use Access 2016 compatible caching.  If the database uses Access 2016 compatible caching, then this policy setting will have no effect when enabled.\n\nIf you disable or do not configure this policy setting, then data from Microsoft SharePoint or Business Data Catalog (BDC) will be cached for databases that do not use Access 2016 compatible caching.  If the database uses Access 2016 compatible caching, then this policy setting will have no effect when disabled or not configured.","tags":["L_Miscellaneous","L_MicrosoftOfficeaccess"],"application":"access16","key":"software\\microsoft\\office\\16.0\\access\\settings","valueName":"nevercache"},{"parentCategory":{"ref":"L_Miscellaneous"},"supportedOn":{"ref":"windows:SUPPORTED_Windows7"},"elements":{"items":[{"valueName":"personaltemplatesaccess","requiredSpecified":false,"expandable":true,"expandableSpecified":true,"maxLengthSpecified":false,"inputType":"textBox","caption":"Personal templates path","id":"L_PersonalTemplatesPath"}]},"name":"L_PersonalTemplatesPath","displayName":"Personal templates path for Access","explainText":"This policy setting specifies the location of a user's personal templates. \n\nIf you enable this policy setting, users will see any templates they have saved in the specified location in the custom templates tab on the Office Start screen and in File | New and when saving a template their default folder will change to be the specified location. \n\nIf you disable or do not configure this policy setting, users will not see templates they have saved in the custom templates tab on the Office Start screen and in File | New and when saving a template their default folder will be their document save location.","tags":["L_Miscellaneous","L_MicrosoftOfficeaccess"],"application":"access16","key":"software\\microsoft\\office\\16.0\\access\\settings"},{"parentCategory":{"ref":"L_Miscellaneous"},"supportedOn":{"ref":"windows:SUPPORTED_Windows7"},"enabledValue":{"decimal":{"value":1}},"disabledValue":{"decimal":{"value":0}},"name":"L_DefaultCustomTab","displayName":"Show custom templates tab by default in Access on the Office Start screen and in File | New","explainText":"This policy setting controls whether custom templates (when they exist) show as the default tab in Access on the Office Start screen and in File | New. \n\nIf you enable this policy setting, users will the see custom templates tab as the default tab in Access on the Office Start screen and in File | New when templates exist (this can include Custom XML programmed templates, templates in the Workgroup templates path, templates in the Personal templates path, or SharePoint templates).\n\nIf you disable or do not configure this policy setting, users will see the Featured templates tab as the default tab in Access on the Office Start screen and in File | New, unless all Office-provided templates have been disabled.","tags":["L_Miscellaneous","L_MicrosoftOfficeaccess"],"application":"access16","key":"software\\microsoft\\office\\16.0\\access\\settings","valueName":"officestartdefaulttab"}]}