{"categories":[{"name":"L_MicrosoftVisio","displayName":"Microsoft Visio 2016"},{"parentCategory":{"ref":"L_MicrosoftVisio"},"name":"L_VisioOptions","displayName":"Visio Options"},{"parentCategory":{"ref":"L_VisioOptions"},"name":"L_General","displayName":"General"},{"parentCategory":{"ref":"L_General"},"name":"L_UserInterfaceOptions","displayName":"User Interface Options"},{"parentCategory":{"ref":"L_VisioOptions"},"name":"L_Save","displayName":"Save"},{"parentCategory":{"ref":"L_Save"},"name":"L_OfflineEditing","displayName":"Offline Editing"},{"parentCategory":{"ref":"L_Save"},"name":"L_SaveDocuments","displayName":"Save Documents"},{"parentCategory":{"ref":"L_VisioOptions"},"name":"L_Proofing","displayName":"Proofing"},{"parentCategory":{"ref":"L_Proofing"},"name":"L_AutoCorrectOptions","displayName":"AutoCorrect Options"},{"parentCategory":{"ref":"L_VisioOptions"},"name":"L_OptionsCustomizeRibbon","displayName":"Customize Ribbon"},{"parentCategory":{"ref":"L_VisioOptions"},"name":"L_Security","displayName":"Security"},{"parentCategory":{"ref":"L_Security"},"name":"L_TrustCenter","displayName":"Trust Center"},{"parentCategory":{"ref":"L_TrustCenter"},"name":"L_FileBlockSettings","displayName":"File Block Settings"},{"parentCategory":{"ref":"L_Security"},"name":"L_MacroSecurity","displayName":"Macro Security"},{"parentCategory":{"ref":"L_VisioOptions"},"name":"L_Advanced","displayName":"Advanced"},{"parentCategory":{"ref":"L_Advanced"},"name":"L_FileLocations","displayName":"File Locations"},{"parentCategory":{"ref":"L_Advanced"},"name":"L_Display","displayName":"Display"},{"parentCategory":{"ref":"L_Advanced"},"name":"L_EditingOptions","displayName":"Editing Options"},{"parentCategory":{"ref":"L_Advanced"},"name":"L_SaveOpen","displayName":"Save/Open"},{"parentCategory":{"ref":"L_Advanced"},"name":"L_ShapeSearch","displayName":"Shape Search"},{"parentCategory":{"ref":"L_Advanced"},"name":"L_GeneralOptions","displayName":"General Options"},{"parentCategory":{"ref":"L_MicrosoftVisio"},"name":"L_Customizableerrormessages","displayName":"Customizable Error Messages"},{"parentCategory":{"ref":"L_MicrosoftVisio"},"name":"L_Disableitemsinuserinterface","displayName":"Disable Items in User Interface"},{"parentCategory":{"ref":"L_Disableitemsinuserinterface"},"name":"L_Custom","displayName":"Custom"},{"parentCategory":{"ref":"L_MicrosoftVisio"},"name":"L_Miscellaneous","displayName":"Miscellaneous"}],"policies":[{"parentCategory":{"ref":"L_Display"},"supportedOn":{"ref":"windows:SUPPORTED_Windows7"},"enabledValue":{"string":"0"},"disabledValue":{"string":"1"},"name":"L_PreventShowingNewScreenOnLaunch","displayName":"Prevent showing New screen on launch","explainText":"This policy setting allows you to prevent the New screen to be shown on launch of Visio.\n\nIf you enable this policy setting, the New screen will not be shown on launch.\n\nIf you disable or do not configure this policy setting, the New screen, including a catalog of templates, is shown when you open Visio.","tags":["L_Display","L_Advanced","L_VisioOptions","L_MicrosoftVisio"],"application":"visio16","key":"software\\microsoft\\office\\16.0\\visio\\application","valueName":"showtemplatepanebydefault"},{"parentCategory":{"ref":"L_Display"},"supportedOn":{"ref":"windows:SUPPORTED_Windows7"},"enabledValue":{"string":"1"},"disabledValue":{"string":"0"},"name":"L_SmartTags","displayName":"Actions","explainText":"Shows additional actions if you hover over them in the drawing.","tags":["L_Display","L_Advanced","L_VisioOptions","L_MicrosoftVisio"],"application":"visio16","key":"software\\microsoft\\office\\16.0\\visio\\application","valueName":"showsmarttags"},{"parentCategory":{"ref":"L_Display"},"supportedOn":{"ref":"windows:SUPPORTED_Windows7"},"enabledValue":{"string":"1"},"disabledValue":{"string":"0"},"name":"L_StencilwindowScreenTips","displayName":"Stencil window ScreenTips","explainText":"Specifies whether ScreenTips (ScreenTips: Tips that appear when you pause the pointer over certain elements in the Visio program, including: masters on stencils, toolbar buttons, and the ruler) appear in Visio to help you identify shapes in the stencil window.","tags":["L_Display","L_Advanced","L_VisioOptions","L_MicrosoftVisio"],"application":"visio16","key":"software\\microsoft\\office\\16.0\\visio\\application","valueName":"tipsstencil"},{"parentCategory":{"ref":"L_Display"},"supportedOn":{"ref":"windows:SUPPORTED_Windows7"},"elements":{"items":[{"item":[{"value":{"string":"51"},"displayName":"Picas"},{"value":{"string":"50"},"displayName":"Points"},{"value":{"string":"54"},"displayName":"Ciceros"},{"value":{"string":"53"},"displayName":"Didots"}],"valueName":"measurementsystem_text","inputType":"dropdownList","caption":"Text","id":"L_text7"}]},"name":"L_Text","displayName":"Text","explainText":"Specifies the unit of measure for indents, line spacing and other text measurements. The default unit for type size is points (1 point = 1/72 in.). You can enter type size in another unit of measure (for example, 1ft or 12 in) but you can't change the default.","tags":["L_Display","L_Advanced","L_VisioOptions","L_MicrosoftVisio"],"application":"visio16","key":"software\\microsoft\\office\\16.0\\visio\\document"},{"parentCategory":{"ref":"L_Display"},"supportedOn":{"ref":"windows:SUPPORTED_Windows7"},"elements":{"items":[{"item":[{"value":{"string":"81"},"displayName":"Degrees"},{"value":{"string":"82"},"displayName":"Deg-Min-Sec"},{"value":{"string":"84"},"displayName":"Min-Sec"},{"value":{"string":"85"},"displayName":"Seconds"},{"value":{"string":"83"},"displayName":"Radians"}],"valueName":"measurementsystem_angle","inputType":"dropdownList","caption":"Angle","id":"L_angle8"}]},"name":"L_Angle","displayName":"Angle","explainText":"Specifies the unit of measure for the angle of rotation.","tags":["L_Display","L_Advanced","L_VisioOptions","L_MicrosoftVisio"],"application":"visio16","key":"software\\microsoft\\office\\16.0\\visio\\document"},{"parentCategory":{"ref":"L_Display"},"supportedOn":{"ref":"windows:SUPPORTED_Windows7"},"elements":{"items":[{"item":[{"value":{"string":"43"},"displayName":"Weeks"},{"value":{"string":"44"},"displayName":"Days"},{"value":{"string":"45"},"displayName":"Hours"},{"value":{"string":"46"},"displayName":"Minutes"},{"value":{"string":"47"},"displayName":"Seconds"}],"valueName":"measurementsystem_duration","inputType":"dropdownList","caption":"Duration","id":"L_duration9"}]},"name":"L_Duration","displayName":"Duration","explainText":"Specifies the unit of measure for duration, which is elapsed time as compared to a specific date or a given hour.","tags":["L_Display","L_Advanced","L_VisioOptions","L_MicrosoftVisio"],"application":"visio16","key":"software\\microsoft\\office\\16.0\\visio\\document"},{"parentCategory":{"ref":"L_Display"},"supportedOn":{"ref":"windows:SUPPORTED_Windows7"},"enabledValue":{"string":"1"},"disabledValue":{"string":"0"},"name":"L_AlwaysofferMetricandUSunitsfornewblankdrawings","displayName":"Always offer 'Metric' and 'US units' for new blank drawings and stencils","explainText":"This policy setting will allow the showing of both US Units and Metric Units when you create a new blank drawing or stencil.\n\nIf you enable this policy setting, both US Units and Metric Units are shown as a choice before you create a new blank drawing or stencil. These drawings open with the appropriate rulers and page setup and use the appropriate units for the drawing tools.  This does not install the templates and stencils in both unit types.  This policy setting is always enabled whenever the Developer Tab is turned on.\n\nIf you disable or do not configure this policy setting, you are not shown a choice between units when creating a blank drawing or stencil if templates and stencils of only one type of unit are installed.","tags":["L_Display","L_Advanced","L_VisioOptions","L_MicrosoftVisio"],"application":"visio16","key":"software\\microsoft\\office\\16.0\\visio\\application","valueName":"offermetricandus"},{"parentCategory":{"ref":"L_UserInterfaceOptions"},"supportedOn":{"ref":"windows:SUPPORTED_Windows7"},"enabledValue":{"string":"0"},"disabledValue":{"string":"1"},"name":"L_DoNotShowMiniToolbarOnSelectionOfText","displayName":"Do not show Mini Toolbar on selection of text","explainText":"This policy setting allows you to configure the Mini Toolbar on selection of text.\n\nIf you enable this policy setting, the Mini Toolbar is not shown on selection.\n\nIf you disable or do not configure this policy setting, the Mini Toolbar is shown on selection.","tags":["L_UserInterfaceOptions","L_General","L_VisioOptions","L_MicrosoftVisio"],"application":"visio16","key":"software\\microsoft\\office\\16.0\\visio\\application","valueName":"showminitoolbar"},{"parentCategory":{"ref":"L_UserInterfaceOptions"},"supportedOn":{"ref":"windows:SUPPORTED_Windows7"},"enabledValue":{"string":"0"},"disabledValue":{"string":"1"},"name":"L_TurnOffLivePreview","displayName":"Turn off Live Preview","explainText":"This policy setting allows you to configure Live Preview, which shows a preview of how a feature affects the document as you hover over different choices.\n\nIf you enable this policy setting, Live Preview is turned off.\n\nIf you disable or do not configure this policy setting, Live Preview is turned on.","tags":["L_UserInterfaceOptions","L_General","L_VisioOptions","L_MicrosoftVisio"],"application":"visio16","key":"software\\microsoft\\office\\16.0\\visio\\application","valueName":"livepreview"},{"parentCategory":{"ref":"L_UserInterfaceOptions"},"supportedOn":{"ref":"windows:SUPPORTED_Windows7"},"enabledValue":{"string":"0"},"disabledValue":{"string":"1"},"name":"L_TurnOffLivePreviewInTheShapesWindow","displayName":"Turn off Live Preview in the Shapes window","explainText":"This policy setting turns off the Live Preview in the Shapes window feature, which shows shapes in the Shapes window with the detail and color depth they will have in a drawing, including theme colors and effects.\n\nIf you enable this policy setting, Live Preview in the Shapes Window is turned off.\n\nIf you disable or do not configure this policy setting, Live Preview in the Shapes Window is turned on.","tags":["L_UserInterfaceOptions","L_General","L_VisioOptions","L_MicrosoftVisio"],"application":"visio16","key":"software\\microsoft\\office\\16.0\\visio\\application","valueName":"livepreviewmasters"},{"parentCategory":{"ref":"L_EditingOptions"},"supportedOn":{"ref":"windows:SUPPORTED_Windows7"},"enabledValue":{"string":"1"},"disabledValue":{"string":"0"},"name":"L_ZoomonrollwithIntelliMouse","displayName":"Zoom on roll with IntelliMouse","explainText":"If selected, lets you zoom in or out from a drawing by rolling the wheel of the Microsoft Intellimouse","tags":["L_EditingOptions","L_Advanced","L_VisioOptions","L_MicrosoftVisio"],"application":"visio16","key":"software\\microsoft\\office\\16.0\\visio\\application","valueName":"zoomonroll"},{"parentCategory":{"ref":"L_EditingOptions"},"supportedOn":{"ref":"windows:SUPPORTED_Windows7"},"enabledValue":{"string":"1"},"disabledValue":{"string":"0"},"name":"L_Centerselectiononzoom","displayName":"Center selection on zoom","explainText":"Specifies that when you zoom in, whatever shape was selected appears in the center of the window.","tags":["L_EditingOptions","L_Advanced","L_VisioOptions","L_MicrosoftVisio"],"application":"visio16","key":"software\\microsoft\\office\\16.0\\visio\\application","valueName":"zoommode"},{"parentCategory":{"ref":"L_EditingOptions"},"supportedOn":{"ref":"windows:SUPPORTED_Windows7"},"enabledValue":{"string":"1"},"disabledValue":{"string":"0"},"name":"L_Selectshapespartiallywithinarea","displayName":"Select shapes partially within area","explainText":"If you select shapes by using a selection net(dragging a box around shapes on the drawing page), you can change the selection settings to also include shapes that are partially within the selection net.","tags":["L_EditingOptions","L_Advanced","L_VisioOptions","L_MicrosoftVisio"],"application":"visio16","key":"software\\microsoft\\office\\16.0\\visio\\application","valueName":"areaselection"},{"parentCategory":{"ref":"L_EditingOptions"},"supportedOn":{"ref":"windows:SUPPORTED_Windows7"},"enabledValue":{"string":"1"},"disabledValue":{"string":"0"},"name":"L_Enablelivedynamics","displayName":"Enable live dynamics","explainText":"When you resize or rotate a shape, you can see the shape as it is being transformed, instead of just seeing the bounding box until the action is complete","tags":["L_EditingOptions","L_Advanced","L_VisioOptions","L_MicrosoftVisio"],"application":"visio16","key":"software\\microsoft\\office\\16.0\\visio\\application","valueName":"livemousedynamics"},{"parentCategory":{"ref":"L_EditingOptions"},"supportedOn":{"ref":"windows:SUPPORTED_Windows7"},"enabledValue":{"string":"1"},"disabledValue":{"string":"0"},"name":"L_Enalbeconnectorsplitting","displayName":"Enable connector splitting","explainText":"When you place a shape on the line of a connector, it splits and each piece becomes a separate connector glued to the shape. Not all drawing types support connector splitting.","tags":["L_EditingOptions","L_Advanced","L_VisioOptions","L_MicrosoftVisio"],"application":"visio16","key":"software\\microsoft\\office\\16.0\\visio\\application","valueName":"allowshapesplitting"},{"parentCategory":{"ref":"L_EditingOptions"},"supportedOn":{"ref":"windows:SUPPORTED_Windows7"},"enabledValue":{"string":"1"},"disabledValue":{"string":"0"},"name":"L_EnableAutoConnect","displayName":"Enable AutoConnect","explainText":"Sets the value in the corresponding UI option.","tags":["L_EditingOptions","L_Advanced","L_VisioOptions","L_MicrosoftVisio"],"application":"visio16","key":"software\\microsoft\\office\\16.0\\visio\\application","valueName":"enableautoconnect"},{"parentCategory":{"ref":"L_EditingOptions"},"supportedOn":{"ref":"windows:SUPPORTED_Windows7"},"enabledValue":{"string":"0"},"disabledValue":{"string":"1"},"name":"L_ShowMoreHandles","displayName":"Show more handles on hover","explainText":"This policy setting allows you to show more shape handles when hovering over a selected shape.\n\nIf you enable this policy setting, more shape handles will be shown after a brief delay.\n\nIf you disable or do not configure this policy setting, more shape handles will not be shown.\n","tags":["L_EditingOptions","L_Advanced","L_VisioOptions","L_MicrosoftVisio"],"application":"visio16","key":"software\\microsoft\\office\\16.0\\visio\\application","valueName":"handlebehavior"},{"parentCategory":{"ref":"L_SaveDocuments"},"supportedOn":{"ref":"windows:SUPPORTED_Windows7"},"enabledValue":{"string":"1"},"disabledValue":{"string":"0"},"name":"L_Promptfordocumentpropertiesonfirstsave","displayName":"Prompt for document properties on first save","explainText":"Indicates whether the properties dialog box opens when a file is saved for the first time. File properties include author name and information such as the status of the file, preview settings and other properties.","tags":["L_SaveDocuments","L_Save","L_VisioOptions","L_MicrosoftVisio"],"application":"visio16","key":"software\\microsoft\\office\\16.0\\visio\\application","valueName":"promptforsummaryinfo"},{"parentCategory":{"ref":"L_SaveOpen"},"supportedOn":{"ref":"windows:SUPPORTED_Windows7"},"elements":{"items":[{"item":[{"value":{"string":"0"},"displayName":"Let Visio decide language"},{"value":{"string":"1"},"displayName":"Prompt for language"},{"value":{"string":"2"},"displayName":"Use the following language"}],"valueName":"fileconversionmode","inputType":"dropdownList","caption":"Language for file conversion","id":"L_languageforfileconversion5"},{"valueName":"fileconversionlanguage","requiredSpecified":false,"expandableSpecified":false,"maxLengthSpecified":false,"inputType":"textBox","caption":"Use language:","id":"L_Uselanguage"}]},"name":"L_languageforfileconversion4","displayName":"Language for file conversion","explainText":"This policy setting specifies how Visio determines what language to use when converting to or from an earlier version of Visio.  \n\nIf you enable this policy setting, you may select from one of these options:\n\n- Let Visio decide language\n- Prompt for language\n- Use the following language: You must specify the numeric Microsoft Locale ID (LCID) for that language.\n\nIf you disable or do not configure this policy setting, Visio decides what language to use.","tags":["L_SaveOpen","L_Advanced","L_VisioOptions","L_MicrosoftVisio"],"application":"visio16","key":"software\\microsoft\\office\\16.0\\visio\\application"},{"parentCategory":{"ref":"L_SaveOpen"},"supportedOn":{"ref":"windows:SUPPORTED_Windows7"},"enabledValue":{"string":"1"},"disabledValue":{"string":"0"},"name":"L_Showfilesavewarnings","displayName":"Show file save warnings","explainText":"Indicates whether a warning message is displayed when you save files that contain errors such as invalid XML code.","tags":["L_SaveOpen","L_Advanced","L_VisioOptions","L_MicrosoftVisio"],"application":"visio16","key":"software\\microsoft\\office\\16.0\\visio\\application","valueName":"showxmlsavewarnings"},{"parentCategory":{"ref":"L_SaveOpen"},"supportedOn":{"ref":"windows:SUPPORTED_Windows7"},"enabledValue":{"string":"1"},"disabledValue":{"string":"0"},"name":"L_Showfileopenwarnings","displayName":"Show file open warnings","explainText":"Indicates whether a warning message is displayed when you open files that contain errors such as invalid XML code.","tags":["L_SaveOpen","L_Advanced","L_VisioOptions","L_MicrosoftVisio"],"application":"visio16","key":"software\\microsoft\\office\\16.0\\visio\\application","valueName":"showxmlopenwarnings"},{"parentCategory":{"ref":"L_OptionsCustomizeRibbon"},"supportedOn":{"ref":"windows:SUPPORTED_Windows7"},"enabledValue":{"decimal":{"value":1}},"disabledValue":{"decimal":{"value":0}},"name":"L_DisplayDeveloperTab","displayName":"Display Developer tab in the Ribbon","explainText":"This policy setting controls whether the Developer tab will be displayed in the Ribbon.\n\nIf you enable this policy setting, the Developer tab will be displayed in the Ribbon.\n\nIf you disable this policy setting, the Developer tab will not be displayed in the Ribbon.\n\nIf you do not configure this policy setting, the Developer tab will not be displayed in the Ribbon, but its visibility can be changed via a setting in the application Options dialog box.","tags":["L_OptionsCustomizeRibbon","L_VisioOptions","L_MicrosoftVisio"],"application":"visio16","key":"software\\microsoft\\office\\16.0\\visio\\application","valueName":"developertools"},{"parentCategory":{"ref":"L_Save"},"supportedOn":{"ref":"windows:SUPPORTED_Windows7"},"enabledValue":{"decimal":{"value":1}},"disabledValue":{"decimal":{"value":0}},"name":"L_TurnOffCADDWGFunctionality","displayName":"Turn off CAD/DWG functionality","explainText":"This policy setting allows you to turn off all entry points related to CAD/DWG files.\n\nIf you enable this policy setting, CAD/DWG functionality will be turned off.\n\nIf you disable or do not configure this policy setting, CAD/DWG functionality will be turned on.","tags":["L_Save","L_VisioOptions","L_MicrosoftVisio"],"application":"visio16","key":"software\\microsoft\\office\\16.0\\visio\\application","valueName":"disabledwg"},{"parentCategory":{"ref":"L_OfflineEditing"},"supportedOn":{"ref":"windows:SUPPORTED_Windows7"},"elements":{"items":[{"item":[{"value":{"string":"1"},"displayName":"Server drafts location"},{"value":{"string":"0"},"displayName":"Web server"}],"valueName":"uselocaldrafts","inputType":"dropdownList","id":"L_SaveCheckedOutFilesToDropID"}]},"name":"L_SaveCheckedOutFilesTo","displayName":"Save checked-out files to","explainText":"This policy setting allows you to choose if checked-out files are saved to the server drafts location or the web server. \n\nIf you enable this policy setting, you can choose where checked-out files are saved:\n- Server drafts location: The server drafts location on this computer\n- Web server: The web server\n\nIf you disable or do not configure this policy setting, checked-out files are stored in the server drafts location.","tags":["L_OfflineEditing","L_Save","L_VisioOptions","L_MicrosoftVisio"],"application":"visio16","key":"software\\microsoft\\office\\16.0\\visio\\application"},{"parentCategory":{"ref":"L_SaveDocuments"},"supportedOn":{"ref":"windows:SUPPORTED_Windows7"},"elements":{"items":[{"item":[{"value":{"string":"0"},"displayName":"Visio Document"},{"value":{"string":"3"},"displayName":"Visio Macro-Enabled Document"},{"value":{"string":"1"},"displayName":"Visio 2003-2016 Document"}],"valueName":"savefileformat","inputType":"dropdownList","caption":"Save Visio files as","id":"L_savevisiofilesas6"}]},"name":"L_SaveVisiofilesas","displayName":"Save Visio files as","explainText":"Identifies the default file format in which Visio files are saved.","tags":["L_SaveDocuments","L_Save","L_VisioOptions","L_MicrosoftVisio"],"application":"visio16","key":"software\\microsoft\\office\\16.0\\visio\\application"},{"parentCategory":{"ref":"L_ShapeSearch"},"supportedOn":{"ref":"windows:SUPPORTED_Windows7"},"enabledValue":{"string":"1"},"disabledValue":{"string":"0"},"name":"L_Showshapesearchpane","displayName":"Show Shape Search pane","explainText":"Displays the shape search user interface elements of the stencil window.","tags":["L_ShapeSearch","L_Advanced","L_VisioOptions","L_MicrosoftVisio"],"application":"visio16","key":"software\\microsoft\\office\\16.0\\visio\\application","valueName":"showshapesearchpane"},{"parentCategory":{"ref":"L_ShapeSearch"},"supportedOn":{"ref":"windows:SUPPORTED_Windows7"},"elements":{"items":[{"item":[{"value":{"string":"1"},"displayName":"All of the words (AND)"},{"value":{"string":"0"},"displayName":"Any of the words (OR)"}],"valueName":"findshapesallwords","inputType":"dropdownList","caption":"Search for:","id":"L_searchfor10"}]},"name":"L_Searchfor","displayName":"Search for:","explainText":"Sets the value in the corresponding UI option.","tags":["L_ShapeSearch","L_Advanced","L_VisioOptions","L_MicrosoftVisio"],"application":"visio16","key":"software\\microsoft\\office\\16.0\\visio\\application"},{"parentCategory":{"ref":"L_ShapeSearch"},"supportedOn":{"ref":"windows:SUPPORTED_Windows7"},"elements":{"items":[{"item":[{"value":{"string":"0"},"displayName":"Alphabetically"},{"value":{"string":"1"},"displayName":"By Group"}],"valueName":"msoridcuvisiobfsgroup","inputType":"dropdownList","caption":"Search results","id":"L_searchresults11"}]},"name":"L_Searchresults","displayName":"Search results","explainText":"Specifies whether results are returned in alphabetical order by shape name or by stencil name (group). Click By Group to help distinguish between shapes that have the same name but appear on different stencils. Selecting this option is also useful if you want to locate the stencil containing the shape.","tags":["L_ShapeSearch","L_Advanced","L_VisioOptions","L_MicrosoftVisio"],"application":"visio16","key":"software\\microsoft\\office\\16.0\\visio\\application"},{"parentCategory":{"ref":"L_ShapeSearch"},"supportedOn":{"ref":"windows:SUPPORTED_Windows7"},"enabledValue":{"string":"0"},"disabledValue":{"string":"1"},"name":"L_Openresultsnewwindow","displayName":"Open results new window","explainText":"Indicates whether a new search results stencil is created for every search. If cleared, the results of a search replace the results of any previous search.","tags":["L_ShapeSearch","L_Advanced","L_VisioOptions","L_MicrosoftVisio"],"application":"visio16","key":"software\\microsoft\\office\\16.0\\visio\\application","valueName":"msoridcuvisiobfsrecycle"},{"parentCategory":{"ref":"L_TrustCenter"},"supportedOn":{"ref":"windows:SUPPORTED_Windows7"},"enabledValue":{"decimal":{"value":1}},"disabledValue":{"decimal":{"value":0}},"name":"L_Disableallapplicationextensions","displayName":"Disable all application add-ins","explainText":"This policy setting disables all add-ins for the specified Office 2016 applications.\n     \nIf you enable this policy setting, all add-ins for the specified Office 2016 applications are disabled.\n\nIf you disable or do not configure this policy setting, all add-ins for the specified Office 2016 applications are allowed to run without notifying the users, except if application add-ins are required to be signed by Trusted Publishers.","tags":["L_TrustCenter","L_Security","L_VisioOptions","L_MicrosoftVisio"],"application":"visio16","key":"software\\microsoft\\office\\16.0\\visio\\security","valueName":"disablealladdins"},{"parentCategory":{"ref":"L_TrustCenter"},"supportedOn":{"ref":"windows:SUPPORTED_Windows7"},"enabledValue":{"decimal":{"value":1}},"disabledValue":{"decimal":{"value":0}},"name":"L_BlockMacroExecutionFromInternet","displayName":"Block macros from running in Office files from the internet","explainText":"\n        This policy setting allows you to block macros from running in Office files that come from the internet.\n\n        If you enable this policy setting, macros are blocked from running, even if \"Enable all macros\" is selected in the Macro Settings section of the Trust Center. Users will receive a notification that macros are blocked from running.\n\n        The exceptions when macros will be allowed to run are:\n        - The Office file is saved to a Trusted Location.\n        - The Office file was previously trusted by the user.\n        - Macros are digitally signed and the matching Trusted Publisher certificate is installed on the device.\n\n        If you disable this policy setting, the settings configured in the Macro Settings section of the Trust Center determine whether macros run in Office files that come from the internet.\n\n        If you don’t configure this policy setting, macros will be blocked from running. Users will receive a notification telling them of the security risks of macros from the internet along with a link to learn more.\n\n        For more information, see https://go.microsoft.com/fwlink/p/?linkid=2185771.\n      ","tags":["L_TrustCenter","L_Security","L_VisioOptions","L_MicrosoftVisio"],"application":"visio16","key":"software\\microsoft\\office\\16.0\\visio\\security","valueName":"blockcontentexecutionfrominternet"},{"parentCategory":{"ref":"L_TrustCenter"},"supportedOn":{"ref":"windows:SUPPORTED_Windows7"},"enabledValue":{"decimal":{"value":1}},"disabledValue":{"decimal":{"value":0}},"name":"L_TurnOffTrustedDocumentsOnTheNetwork","displayName":"Turn off Trusted Documents on the network","explainText":"This policy setting allows you to turn off the trusted documents feature for documents opened from the network.\n\nIf you enable this policy setting, users will always see security notifications for active content such as macros, ActiveX controls, data connections, etc. for documents opened from the network.\n\nIf you disable or do not configure this policy setting, the trusted documents feature allows users to always allow active content in documents such as macros, ActiveX controls, data connections, etc. so that users are not prompted the next time they open the documents.  Trusted documents are exempt from security notifications.","tags":["L_TrustCenter","L_Security","L_VisioOptions","L_MicrosoftVisio"],"application":"visio16","key":"software\\microsoft\\office\\16.0\\visio\\security\\trusted documents","valueName":"disablenetworktrusteddocuments"},{"parentCategory":{"ref":"L_TrustCenter"},"supportedOn":{"ref":"windows:SUPPORTED_Windows7"},"enabledValue":{"decimal":{"value":1}},"disabledValue":{"decimal":{"value":0}},"name":"L_TurnOffTrustedDocuments","displayName":"Turn off trusted documents","explainText":"This policy setting allows you to turn off the trusted documents feature.  The trusted documents feature allows users to always enable active content in documents such as macros, ActiveX controls, data connections, etc. so that they are not prompted the next time they open the documents.  Trusted documents are exempt from security notifications.\n\nIf you enable this policy setting, you will turn off the trusted documents feature.  Users will receive a security prompt every time a document containing active content is opened.\n\nIf you disable or do not configure this policy setting, documents will be trusted when users enable content for a document, and users will not receive a security prompt.","tags":["L_TrustCenter","L_Security","L_VisioOptions","L_MicrosoftVisio"],"application":"visio16","key":"software\\microsoft\\office\\16.0\\visio\\security\\trusted documents","valueName":"disabletrusteddocuments"},{"parentCategory":{"ref":"L_TrustCenter"},"supportedOn":{"ref":"windows:SUPPORTED_Windows7"},"elements":{"items":[{"valueName":"maxtrusteddocuments","minValue":0,"minValueSpecified":true,"maxValue":20000,"maxValueSpecified":true,"inputType":"decimalTextBox","caption":"Maximum number:","id":"L_SetMaximumNumberOfTrustedDocumentsSpinID"}]},"name":"L_SetMaximumNumberOfTrustedDocuments","displayName":"Set maximum number of trusted documents","explainText":"This policy setting allows you to specify the maximum number of trust records for trusted documents that can be stored in the registry before the purge task runs. The purge task reduces the number of trusted documents stored in the registry to the value set by the \"Set maximum number of trust records to preserve\" policy setting.\n\nIf you enable this policy setting, you can specify the maximum number of trusted documents to be stored in the registry before the purge task runs, with an upper limit of 20,000 documents. For performance reasons, we do not recommend setting this policy setting to the upper limit.\n\nIf you disable or do not configure this policy setting, the default value of 500 is used for the maximum number of trusted documents that can be stored in the registry before the purge task runs.","tags":["L_TrustCenter","L_Security","L_VisioOptions","L_MicrosoftVisio"],"application":"visio16","key":"software\\microsoft\\office\\16.0\\visio\\security\\trusted documents"},{"parentCategory":{"ref":"L_TrustCenter"},"supportedOn":{"ref":"windows:SUPPORTED_Windows7"},"elements":{"items":[{"valueName":"maxpreservetrusteddocuments","minValue":0,"minValueSpecified":true,"maxValue":20000,"maxValueSpecified":true,"inputType":"decimalTextBox","caption":"Maximum to preserve:","id":"L_SetMaximumNumberOfTrustRecordsToPreserveSpinID"}]},"name":"L_SetMaximumNumberOfTrustRecordsToPreserve","displayName":"Set maximum number of trust records to preserve","explainText":"This policy setting allows you to specify the maximum number of trust records to preserve when the purge task detects that this application has trusted more than the number of trusted documents set by the \"Set maximum number of trusted documents\" policy setting.\n\nIf you enable this policy setting, you may specify the maximum number of trust records to preserve, with an upper limit of 20000.  Due to performance reasons, it is not recommended to set it to the upper limit.\n\nIf you disable or you do not configure this policy setting, the default value for of 400 is used.","tags":["L_TrustCenter","L_Security","L_VisioOptions","L_MicrosoftVisio"],"application":"visio16","key":"software\\microsoft\\office\\16.0\\visio\\security\\trusted documents"},{"parentCategory":{"ref":"L_TrustCenter"},"supportedOn":{"ref":"windows:SUPPORTED_Windows7"},"elements":{"items":[{"item":[{"value":{"decimal":{"value":2}},"displayName":"Disable all with notification"},{"value":{"decimal":{"value":3}},"displayName":"Disable all except digitally signed macros"},{"value":{"decimal":{"value":4}},"displayName":"Disable all without notification"},{"value":{"decimal":{"value":1}},"displayName":"Enable all macros (not recommended)"}],"valueName":"vbawarnings","inputType":"dropdownList","id":"L_Empty"},{"trueValue":{"decimal":{"value":1}},"falseValue":{"decimal":{"value":0}},"valueName":"vbadigsigtrustedpublishers","key":"software\\microsoft\\office\\16.0\\visio\\security","inputType":"checkBox","caption":"Require macros to be signed by a trusted publisher","id":"L_VBADigSigTrustedPublishersStr"},{"trueValue":{"decimal":{"value":1}},"falseValue":{"decimal":{"value":0}},"valueName":"vbarequirelmtrustedpublisher","key":"software\\microsoft\\office\\16.0\\visio\\security","inputType":"checkBox","caption":"Block certificates from trusted publishers that are only installed in the current user certificate store","id":"L_VBAOnlyAllowLMTrustedPublisherStr"},{"trueValue":{"decimal":{"value":1}},"falseValue":{"decimal":{"value":0}},"valueName":"vbarequiredigsigwithcodesigningeku","key":"software\\microsoft\\office\\16.0\\visio\\security","inputType":"checkBox","caption":"Require Extended Key Usage (EKU) for certificates from trusted publishers","id":"L_VBAOnlyAllowDigSigWithCodeSigningEKUStr"}]},"name":"L_VBAWarningsPolicy","displayName":"VBA Macro Notification Settings","explainText":"This policy setting controls how the specified applications warn users when Visual Basic for Applications (VBA) macros are present.\n\nIf you enable this policy setting, you can choose from four options for determining how the specified applications will warn the user about macros:\n \n- Disable all with notification:  The application displays the Trust Bar for all macros, whether signed or unsigned. This option enforces the default configuration in Office.\n \n- Disable all except digitally signed macros: The application displays the Trust Bar for digitally signed macros, allowing users to enable them or leave them disabled. Any unsigned macros are disabled, and users are not notified.\n \n- Disable all without notification: The application disables all macros, whether signed or unsigned, and does not notify users.\n \n- Enable all macros (not recommended):  All macros are enabled, whether signed or unsigned. This option can significantly reduce security by allowing dangerous code to run undetected.\n \nIf you disable this policy setting, \"Disable all with notification\" will be the default setting.\n \nIf you do not configure this policy setting, when users open files in the specified applications that contain VBA macros, the applications open the files with the macros disabled and display the Trust Bar with a warning that macros are present and have been disabled. Users can inspect and edit the files if appropriate, but cannot use any disabled functionality until they enable it by clicking \"Enable Content\" on the Trust Bar.  If the user clicks \"Enable Content\", then the document is added as a trusted document.\n\nIf you select “Disable all except digitally signed macros” we recommend that you also select the “Require macros to be signed by a trusted publisher” check box to help improve security.\n\nIf you select the “Require macros to be signed by a trusted publisher” check box, users opening files with digitally signed macros but not by a Trusted Publisher will receive a notification that macros are blocked from running. And there are two additional check boxes that we recommend that you select to help improve security.\n\n- Block certificates from trusted publishers that are installed in the current user certificate store\n\n- Require Extended Key Usage (EKU) for certificates from trusted publishers\n\nNote: These two check boxes only apply if you have selected the \"Require macros to be signed by a trusted publisher\" check box.\n\nNote: All three check boxes only apply to Version 2012 and later of Office and Visio. They don’t apply to Office 2016 or Office 2019.\n\nIf you select the “Block certificates from trusted publishers that are installed in the local machine certificate store” check box, macros won’t run if the certificate from the trusted publisher is installed in the current user certificate store. The certificate must be installed in the local machine certificate store for the macro to run. Only accounts with administrator access to the computer can install a certificate in the local machine certificate store.\n\nIf you select the “Require Extended Key Usage (EKU) for certificates from trusted publishers” check box, the EKU must include “Code Signing” as one of the uses of the certificate.\n\nImportant: If \"Disable all except digitally signed macros\" is selected, users will not be able to open unsigned Access databases.\n \nAlso, note that Microsoft Office stores certificates for trusted publishers in the Internet Explorer trusted publisher store. Earlier versions of Microsoft Office stored trusted publisher certificate information (specifically, the certificate thumbprint) in a special Office trusted publisher store. Microsoft Office still reads trusted publisher certificate information from the Office trusted publisher store, but it does not write information to this store.\n \nTherefore, if you created a list of trusted publishers in a previous version of Microsoft Office and you upgrade to Office, your trusted publisher list will still be recognized. However, any trusted publisher certificates that you add to the list will be stored in the Internet Explorer trusted publisher store.","tags":["L_TrustCenter","L_Security","L_VisioOptions","L_MicrosoftVisio"],"application":"visio16","key":"software\\microsoft\\office\\16.0\\visio\\security"},{"parentCategory":{"ref":"L_TrustCenter"},"supportedOn":{"ref":"windows:SUPPORTED_Windows7"},"enabledValue":{"decimal":{"value":1}},"disabledValue":{"decimal":{"value":0}},"name":"L_RequirethatApplicationExtensionsaresigned","displayName":"Require that application add-ins are signed by Trusted Publisher","explainText":"This policy setting controls whether add-ins for this applications must be digitally signed by a trusted publisher.\n \nIf you enable this policy setting, this application checks the digital signature for each add-in before loading it. If an add-in does not have a digital signature, or if the signature did not come from a trusted publisher, this application disables the add-in and notifies the user. Certificates must be added to the Trusted Publishers list if you require that all add-ins be signed by a trusted publisher. For detail on about obtaining and distributing certificates, see http://go.microsoft.com/fwlink/?LinkId=294922. Office 2016 stores certificates for trusted publishers in the Internet Explorer trusted publisher store. Earlier versions of Microsoft Office stored trusted publisher certificate information (specifically, the certificate thumbprint) in a special Office trusted publisher store.  Office 2016 still reads trusted publisher certificate information from the Office trusted publisher store, but it does not write information to this store. Therefore, if you created a list of trusted publishers in a previous version of Office and you upgrade to Office 2016, your trusted publisher list will still be recognized. However, any trusted publisher certificates that you add to the list will be stored in the Internet Explorer trusted publisher store. For more information about trusted publishers, see the Office Resource Kit.\n\nIf you disable or do not configure this policy setting, this application does not check the digital signature on application add-ins before opening them. If a dangerous add-in is loaded, it could harm users' computers or compromise data security.","tags":["L_TrustCenter","L_Security","L_VisioOptions","L_MicrosoftVisio"],"application":"visio16","key":"software\\microsoft\\office\\16.0\\visio\\security","valueName":"requireaddinsig"},{"parentCategory":{"ref":"L_TrustCenter"},"supportedOn":{"ref":"windows:SUPPORTED_Windows7"},"enabledValue":{"decimal":{"value":1}},"disabledValue":{"decimal":{"value":0}},"name":"L_DisableTrustBarNotificationforunsigned","displayName":"Disable Trust Bar Notification for unsigned application add-ins and block them","explainText":"This policy setting controls whether the specified Office application notifies users when unsigned application add-ins are loaded or silently disable such add-ins without notification. This policy setting only applies if you enable the \"Require that application add-ins are signed by Trusted Publisher\" policy setting, which prevents users from changing this policy setting.\n\nIf you enable this policy setting, applications automatically disable unsigned add-ins without informing users.\n \nIf you disable this policy setting, if this application is configured to require that all add-ins be signed by a trusted publisher, any unsigned add-ins the application loads will be disabled and the application will display the Trust Bar at the top of the active window. The Trust Bar contains a message that informs users about the unsigned add-in.\n\nIf you do not configure this policy setting, the disable behavior applies, and in addition, users can configure this requirement themselves in the \"Add-ins\" category of the Trust Center for the application.","tags":["L_TrustCenter","L_Security","L_VisioOptions","L_MicrosoftVisio"],"application":"visio16","key":"software\\microsoft\\office\\16.0\\visio\\security","valueName":"notbpromptunsignedaddin"},{"parentCategory":{"ref":"L_TrustCenter"},"supportedOn":{"ref":"windows:SUPPORTED_Windows7"},"enabledValue":{"decimal":{"value":1}},"disabledValue":{"decimal":{"value":0}},"name":"L_AllowTrustedLocationsOnTheNetwork","displayName":"Allow Trusted Locations on the network","explainText":"This policy setting controls whether trusted locations on the network can be used.\n\nIf you enable this policy setting, users can specify trusted locations on network shares or in other remote locations that are not under their direct control by clicking the \"Add new location\" button in the Trusted Locations section of the Trust Center. Content, code, and add-ins are allowed to load from trusted locations with minimal security and without prompting the user for permission.\n\nIf you disable this policy setting, the selected application ignores any network locations listed in the Trusted Locations section of the Trust Center. \n\nIf you also deploy Trusted Locations via Group Policy, you should verify whether any of them are remote locations. If any of them are remote locations and you do not allow remote locations via this policy setting, those policy keys that point to remote locations will be ignored on client computers.\n\nDisabling this policy setting does not delete any network locations from the Trusted Locations list, but causes disruption for users who add network locations to the Trusted Locations list. Users are also prevented from adding new network locations to the Trusted Locations list in the Trust Center.  We recommended that you do not enable this policy setting (as the \"Allow Trusted Locations on my network (not recommended)\" check box also states). Therefore, in practice, it should be possible to disable this policy setting in most situations without causing significant usability issues for most users.\n\nIf you do not enable this policy setting, users can select the \"Allow Trusted Locations on my network (not recommended)\" check box if desired and then specify trusted locations by clicking the \"Add new location\" button.","tags":["L_TrustCenter","L_Security","L_VisioOptions","L_MicrosoftVisio"],"application":"visio16","key":"software\\microsoft\\office\\16.0\\visio\\security\\trusted locations","valueName":"allownetworklocations"},{"parentCategory":{"ref":"L_TrustCenter"},"supportedOn":{"ref":"windows:SUPPORTED_Windows7"},"enabledValue":{"decimal":{"value":1}},"disabledValue":{"decimal":{"value":0}},"name":"L_DisableTrustedLoc","displayName":"Disable all trusted locations","explainText":"This policy setting allows administrators to disable all trusted locations in the 2016 versions of the specified applications. Trusted locations specified in the Trust Center are used to define file locations that are assumed to be safe. Content, code, and add-ins are allowed to load from trusted locations with a minimal amount of security, without prompting the users for permission. If a dangerous file is opened from a trusted location, it will not be subject to standard security measures and could harm users' computers or data.\n \nIf you enable this policy setting, all trusted locations (those specified in the Trust Center) in the 2016 versions of the specified applications are ignored, including any trusted locations established by Office during setup, deployed to users using Group Policy, or added by users themselves.  Users will be prompted again when opening files from trusted locations.\n\nIf you disable or do not configure this policy setting, all trusted locations (those specified in the Trust Center) in the 2016 versions of the specified applications are assumed to be safe.","tags":["L_TrustCenter","L_Security","L_VisioOptions","L_MicrosoftVisio"],"application":"visio16","key":"software\\microsoft\\office\\16.0\\visio\\security\\trusted locations","valueName":"alllocationsdisabled"},{"parentCategory":{"ref":"L_FileBlockSettings"},"supportedOn":{"ref":"windows:SUPPORTED_Windows7"},"elements":{"items":[{"item":[{"value":{"decimal":{"value":0}},"displayName":"Do not block"},{"value":{"decimal":{"value":1}},"displayName":"Save blocked"},{"value":{"decimal":{"value":2}},"displayName":"Open/Save blocked"}],"valueName":"visio2003files","inputType":"dropdownList","caption":"File block setting:","id":"L_Visio2003FilesDropID"}]},"name":"L_Visio2003Files","displayName":"Visio 2003-2010 Binary Drawings, Templates and Stencils","explainText":"This policy setting allows you to determine whether users can open or save Visio files with the format specified by the title of this policy setting.\n\nIf you enable this policy setting, you can specify whether users can open or save files.\n\nThe options that can be selected are below.  Note: Not all options may be available for this policy setting.\n\n- Do not block: The file type will not be blocked.\n\n- Save blocked: Saving of the file type will be blocked.\n\n- Open/Save blocked: Both opening and saving of the file type will be blocked.\n\nIf you disable or do not configure this policy setting, the file type will not be blocked.","tags":["L_FileBlockSettings","L_TrustCenter","L_Security","L_VisioOptions","L_MicrosoftVisio"],"application":"visio16","key":"software\\microsoft\\office\\16.0\\visio\\security\\fileblock"},{"parentCategory":{"ref":"L_FileBlockSettings"},"supportedOn":{"ref":"windows:SUPPORTED_Windows7"},"elements":{"items":[{"item":[{"value":{"decimal":{"value":0}},"displayName":"Do not block"},{"value":{"decimal":{"value":2}},"displayName":"Open/Save blocked"}],"valueName":"visio2000files","inputType":"dropdownList","caption":"File block setting:","id":"L_Visio2000FilesDropID"}]},"name":"L_Visio2000Files","displayName":"Visio 2000-2002 Binary Drawings, Templates and Stencils","explainText":"This policy setting allows you to determine whether users can open or save Visio files with the format specified by the title of this policy setting.\n\nIf you enable this policy setting, you can specify whether users can open or save files.\n\nThe options that can be selected are below.  Note: Not all options may be available for this policy setting.\n\n- Do not block: The file type will not be blocked.\n\n- Save blocked: Saving of the file type will be blocked.\n\n- Open/Save blocked: Both opening and saving of the file type will be blocked.\n\nIf you disable or do not configure this policy setting, the file type will be blocked.","tags":["L_FileBlockSettings","L_TrustCenter","L_Security","L_VisioOptions","L_MicrosoftVisio"],"application":"visio16","key":"software\\microsoft\\office\\16.0\\visio\\security\\fileblock"},{"parentCategory":{"ref":"L_FileBlockSettings"},"supportedOn":{"ref":"windows:SUPPORTED_Windows7"},"elements":{"items":[{"item":[{"value":{"decimal":{"value":0}},"displayName":"Do not block"},{"value":{"decimal":{"value":2}},"displayName":"Open/Save blocked"}],"valueName":"visio50andearlierfiles","inputType":"dropdownList","caption":"File block setting:","id":"L_Visio50AndEarlierFilesDropID"}]},"name":"L_Visio50AndEarlierFiles","displayName":"Visio 5.0 or earlier Binary Drawings, Templates and Stencils","explainText":"This policy setting allows you to determine whether users can open or save Visio files with the format specified by the title of this policy setting.\n\nIf you enable this policy setting, you can specify whether users can open or save files.\n\nThe options that can be selected are below.  Note: Not all options may be available for this policy setting.\n\n- Do not block: The file type will not be blocked.\n\n- Save blocked: Saving of the file type will be blocked.\n\n- Open/Save blocked: Both opening and saving of the file type will be blocked.\n\nIf you disable or do not configure this policy setting, the file type will be blocked.","tags":["L_FileBlockSettings","L_TrustCenter","L_Security","L_VisioOptions","L_MicrosoftVisio"],"application":"visio16","key":"software\\microsoft\\office\\16.0\\visio\\security\\fileblock"},{"parentCategory":{"ref":"L_MacroSecurity"},"supportedOn":{"ref":"windows:SUPPORTED_Windows7"},"enabledValue":{"string":"1"},"disabledValue":{"string":"0"},"name":"L_LoadMicrosoftVisualBasicforApplicationsprojectsf","displayName":"Load Microsoft Visual Basic for Applications projects from text","explainText":"If you want to be able to have your VBA project work in drawings created in other versions of Visio, select this option so that your VBA project is compiled when the file is loaded, but the compiled project is never saved.","tags":["L_MacroSecurity","L_Security","L_VisioOptions","L_MicrosoftVisio"],"application":"visio16","key":"software\\microsoft\\office\\16.0\\visio\\application","valueName":"loadvbaprojectsfromtext"},{"parentCategory":{"ref":"L_MacroSecurity"},"supportedOn":{"ref":"windows:SUPPORTED_Windows7"},"enabledValue":{"string":"1"},"disabledValue":{"string":"0"},"name":"L_EnableMicrosoftVisualBasicforApplicationsproject","displayName":"Enable Microsoft Visual Basic for Applications project creation","explainText":"Enables creations of VBA projects when you open (or create) a document that does not already contain a project. If you clear this check box, you will not be able to create a macro in a document that does not already contain a project.","tags":["L_MacroSecurity","L_Security","L_VisioOptions","L_MicrosoftVisio"],"application":"visio16","key":"software\\microsoft\\office\\16.0\\visio\\application","valueName":"createvbaprojects"},{"parentCategory":{"ref":"L_EditingOptions"},"supportedOn":{"ref":"windows:SUPPORTED_Windows7"},"enabledValue":{"string":"0"},"disabledValue":{"string":"1"},"name":"L_TurnOffTransitions","displayName":"Turn off transitions","explainText":"This policy setting allows you to configure transitions, which are smooth animation effects.\n\nIf you enable this policy setting, transitions are turned off.\n\nIf you disable or do not configure this policy setting, transitions are turned on.","tags":["L_EditingOptions","L_Advanced","L_VisioOptions","L_MicrosoftVisio"],"application":"visio16","key":"software\\microsoft\\office\\16.0\\visio\\application","valueName":"transitionsenabled"},{"parentCategory":{"ref":"L_EditingOptions"},"supportedOn":{"ref":"windows:SUPPORTED_Windows7"},"enabledValue":{"string":"0"},"disabledValue":{"string":"1"},"name":"L_TurnOffSmartDeleteBehaviorOfConnectorsWhenDeletingShapes","displayName":"Turn off smart delete behavior of connectors when deleting shapes","explainText":"This policy setting turns off smart delete behavior of connectors when deleting shapes.\n\nIf you enable this policy setting, connectors are not deleted when shapes are deleted.\n\nIf you disable or do not configure this policy setting, connectors are deleted when shapes are deleted.","tags":["L_EditingOptions","L_Advanced","L_VisioOptions","L_MicrosoftVisio"],"application":"visio16","key":"software\\microsoft\\office\\16.0\\visio\\application","valueName":"deleteconnectorsenabled"},{"parentCategory":{"ref":"L_EditingOptions"},"supportedOn":{"ref":"windows:SUPPORTED_Windows7"},"enabledValue":{"string":"0"},"disabledValue":{"string":"1"},"name":"L_TurnOffShapeSheetFormulaAutoComplete","displayName":"Turn off ShapeSheet Formula AutoComplete","explainText":"This policy setting allows you to configure ShapeSheet Formula AutoComplete.\n\nIf you enable this policy setting, ShapeSheet Formula AutoComplete is turned off.\n\nIf you disable or do not configure this policy setting, ShapeSheet Formula AutoComplete is turned on.","tags":["L_EditingOptions","L_Advanced","L_VisioOptions","L_MicrosoftVisio"],"application":"visio16","key":"software\\microsoft\\office\\16.0\\visio\\application","valueName":"formulaautocomplete"},{"parentCategory":{"ref":"L_GeneralOptions"},"supportedOn":{"ref":"windows:SUPPORTED_Windows7"},"enabledValue":{"string":"1"},"disabledValue":{"string":"0"},"name":"L_OpeneachShapeSheetinthesamewindow","displayName":"Open each ShapeSheet in the same window","explainText":"Opens multiple ShapeSheets in the same window rather than displaying each ShapeSheet in its own window.","tags":["L_GeneralOptions","L_Advanced","L_VisioOptions","L_MicrosoftVisio"],"application":"visio16","key":"software\\microsoft\\office\\16.0\\visio\\document","valueName":"recycleshapesheetwindow"},{"parentCategory":{"ref":"L_GeneralOptions"},"supportedOn":{"ref":"windows:SUPPORTED_Windows7"},"enabledValue":{"string":"1"},"disabledValue":{"string":"0"},"name":"L_PutallsettingsinWindowsregistry","displayName":"Put all settings in Windows registry","explainText":"Adds all possible application settings into the Windows registry. By default, only certain settings are added (non-default settings and very few others, such as file paths, import and export filters, and last files) to keep the registry settings simple.","tags":["L_GeneralOptions","L_Advanced","L_VisioOptions","L_MicrosoftVisio"],"application":"visio16","key":"software\\microsoft\\office\\16.0\\visio\\application","valueName":"putallinregistry"},{"parentCategory":{"ref":"L_GeneralOptions"},"supportedOn":{"ref":"windows:SUPPORTED_Windows7"},"enabledValue":{"string":"1"},"disabledValue":{"string":"0"},"name":"L_EnableAutomationevents","displayName":"Enable Automation events","explainText":"Enables Visio events to be sent to Visio add-ons and VBA macros. If cleared, disables all Visio events. If you clear this option, some drawing types in Visio that rely on Automation events may not have full functionality.","tags":["L_GeneralOptions","L_Advanced","L_VisioOptions","L_MicrosoftVisio"],"application":"visio16","key":"software\\microsoft\\office\\16.0\\visio\\application","valueName":"eventsenabled"},{"parentCategory":{"ref":"L_FileLocations"},"supportedOn":{"ref":"windows:SUPPORTED_Windows7"},"elements":{"items":[{"valueName":"drawingspath","requiredSpecified":false,"expandableSpecified":false,"maxLengthSpecified":false,"inputType":"textBox","caption":"Drawings:","id":"L_Drawingscolon"}]},"name":"L_Drawings","displayName":"Drawings","explainText":"Displays the additional location of drawings. When you add a location here, it becomes the default save location.","tags":["L_FileLocations","L_Advanced","L_VisioOptions","L_MicrosoftVisio"],"application":"visio16","key":"software\\microsoft\\office\\16.0\\visio\\application"},{"parentCategory":{"ref":"L_FileLocations"},"supportedOn":{"ref":"windows:SUPPORTED_Windows7"},"elements":{"items":[{"valueName":"templatepath","requiredSpecified":false,"expandableSpecified":false,"maxLengthSpecified":false,"inputType":"textBox","caption":"Templates:","id":"L_Templatescolon"}]},"name":"L_Templates","displayName":"Templates","explainText":"This policy setting allows you to specify the additional location of templates.\n\nIf you enable this policy setting, you may specify the additional location of templates.  These locations are listed on the New screen of the File tab.\n\nIf you disable or do not configure this policy setting, no additional location of templates is shown.","tags":["L_FileLocations","L_Advanced","L_VisioOptions","L_MicrosoftVisio"],"application":"visio16","key":"software\\microsoft\\office\\16.0\\visio\\application"},{"parentCategory":{"ref":"L_FileLocations"},"supportedOn":{"ref":"windows:SUPPORTED_Windows7"},"elements":{"items":[{"valueName":"stencilpath","requiredSpecified":false,"expandableSpecified":false,"maxLengthSpecified":false,"inputType":"textBox","caption":"Stencils:","id":"L_Stencilscolon"}]},"name":"L_Stencils","displayName":"Stencils","explainText":"Displays the additional location of stencils. When a location is added here, stencils in this location are listed on the Shapes submenu from the file menu.","tags":["L_FileLocations","L_Advanced","L_VisioOptions","L_MicrosoftVisio"],"application":"visio16","key":"software\\microsoft\\office\\16.0\\visio\\application"},{"parentCategory":{"ref":"L_FileLocations"},"supportedOn":{"ref":"windows:SUPPORTED_Windows7"},"elements":{"items":[{"valueName":"helppath","requiredSpecified":false,"expandableSpecified":false,"maxLengthSpecified":false,"inputType":"textBox","caption":"Help:","id":"L_Helpcolon"}]},"name":"L_Help","displayName":"Help","explainText":"Displays the additional location of Help files.","tags":["L_FileLocations","L_Advanced","L_VisioOptions","L_MicrosoftVisio"],"application":"visio16","key":"software\\microsoft\\office\\16.0\\visio\\application"},{"parentCategory":{"ref":"L_FileLocations"},"supportedOn":{"ref":"windows:SUPPORTED_Windows7"},"elements":{"items":[{"valueName":"addonspath","requiredSpecified":false,"expandableSpecified":false,"maxLengthSpecified":false,"inputType":"textBox","caption":"Add-ons:","id":"L_Addonscolon"}]},"name":"L_Addons","displayName":"Add-ons","explainText":"Displays the additional location of macros and add-ons.","tags":["L_FileLocations","L_Advanced","L_VisioOptions","L_MicrosoftVisio"],"application":"visio16","key":"software\\microsoft\\office\\16.0\\visio\\application"},{"parentCategory":{"ref":"L_FileLocations"},"supportedOn":{"ref":"windows:SUPPORTED_Windows7"},"elements":{"items":[{"valueName":"startuppath","requiredSpecified":false,"expandableSpecified":false,"maxLengthSpecified":false,"inputType":"textBox","caption":"Start-up:","id":"L_Startupcolon"}]},"name":"L_Startup","displayName":"Start-up","explainText":"Displays the additional location for macros and add-ons opened when you start Visio.","tags":["L_FileLocations","L_Advanced","L_VisioOptions","L_MicrosoftVisio"],"application":"visio16","key":"software\\microsoft\\office\\16.0\\visio\\application"},{"parentCategory":{"ref":"L_FileLocations"},"supportedOn":{"ref":"windows:SUPPORTED_Windows7"},"elements":{"items":[{"valueName":"myshapespath","requiredSpecified":false,"expandableSpecified":false,"maxLengthSpecified":false,"inputType":"textBox","caption":"My Shapes:","id":"L_MyShapescolon"}]},"name":"L_MyShapes","displayName":"My Shapes","explainText":"Displays the path of the My Shapes folder.","tags":["L_FileLocations","L_Advanced","L_VisioOptions","L_MicrosoftVisio"],"application":"visio16","key":"software\\microsoft\\office\\16.0\\visio\\application"},{"parentCategory":{"ref":"L_FileLocations"},"supportedOn":{"ref":"windows:SUPPORTED_Windows7"},"elements":{"items":[{"valueName":"favoritesstencilname","requiredSpecified":false,"expandableSpecified":false,"maxLengthSpecified":false,"inputType":"textBox","caption":"Favorites Stencil Name:","id":"L_FavoritesStencilNamecolon"}]},"name":"L_FavoritesStencilName","displayName":"Favorites Stencil Name","explainText":"Displays the name of the stencil created in the My Shapes folder that contains a user's favorite shapes.","tags":["L_FileLocations","L_Advanced","L_VisioOptions","L_MicrosoftVisio"],"application":"visio16","key":"software\\microsoft\\office\\16.0\\visio\\application"},{"parentCategory":{"ref":"L_AutoCorrectOptions"},"supportedOn":{"ref":"windows:SUPPORTED_Windows7"},"enabledValue":{"decimal":{"value":1}},"disabledValue":{"decimal":{"value":0}},"name":"L_Straightquoteswithsmartquotes","displayName":"Straight quotes with smart quotes","explainText":"Checks/Unchecks the corresponding UI option.","tags":["L_AutoCorrectOptions","L_Proofing","L_VisioOptions","L_MicrosoftVisio"],"application":"visio16","key":"software\\microsoft\\office\\16.0\\visio\\autoformat as you type","valueName":"smartquotes"},{"parentCategory":{"ref":"L_AutoCorrectOptions"},"supportedOn":{"ref":"windows:SUPPORTED_Windows7"},"enabledValue":{"decimal":{"value":1}},"disabledValue":{"decimal":{"value":0}},"name":"L_Fractionswithfractioncharacter","displayName":"Fractions with fraction character","explainText":"Checks/Unchecks the corresponding UI option.","tags":["L_AutoCorrectOptions","L_Proofing","L_VisioOptions","L_MicrosoftVisio"],"application":"visio16","key":"software\\microsoft\\office\\16.0\\visio\\autoformat as you type","valueName":"fractions"},{"parentCategory":{"ref":"L_AutoCorrectOptions"},"supportedOn":{"ref":"windows:SUPPORTED_Windows7"},"enabledValue":{"decimal":{"value":1}},"disabledValue":{"decimal":{"value":0}},"name":"L_Ordinalswithsuperscript","displayName":"Ordinals with superscript","explainText":"Checks/Unchecks the corresponding UI option.","tags":["L_AutoCorrectOptions","L_Proofing","L_VisioOptions","L_MicrosoftVisio"],"application":"visio16","key":"software\\microsoft\\office\\16.0\\visio\\autoformat as you type","valueName":"ordinals"},{"parentCategory":{"ref":"L_AutoCorrectOptions"},"supportedOn":{"ref":"windows:SUPPORTED_Windows7"},"enabledValue":{"decimal":{"value":1}},"disabledValue":{"decimal":{"value":0}},"name":"L_Hyphenswithdash","displayName":"Hyphens with dash","explainText":"Checks/Unchecks the corresponding UI option.","tags":["L_AutoCorrectOptions","L_Proofing","L_VisioOptions","L_MicrosoftVisio"],"application":"visio16","key":"software\\microsoft\\office\\16.0\\visio\\autoformat as you type","valueName":"dashes"},{"parentCategory":{"ref":"L_AutoCorrectOptions"},"supportedOn":{"ref":"windows:SUPPORTED_Windows7"},"enabledValue":{"decimal":{"value":1}},"disabledValue":{"decimal":{"value":0}},"name":"L_Smileyfacesandarrowswithspecialsymbols","displayName":"Smiley faces and arrows with special symbols","explainText":"Checks/Unchecks the corresponding UI option.","tags":["L_AutoCorrectOptions","L_Proofing","L_VisioOptions","L_MicrosoftVisio"],"application":"visio16","key":"software\\microsoft\\office\\16.0\\visio\\autoformat as you type","valueName":"smileys"},{"parentCategory":{"ref":"L_Miscellaneous"},"supportedOn":{"ref":"windows:SUPPORTED_Windows7"},"elements":{"items":[{"valueName":"sendtoemailmsgstring","requiredSpecified":false,"expandableSpecified":false,"maxLengthSpecified":false,"inputType":"textBox","caption":"Email message for 'Send To' commands","id":"L_emailmessageforsendtocommands101"}]},"name":"L_EmailmessageforSendtocommands","displayName":"Email message for 'Send To' commands","explainText":"Command in the Send To submenu of the File menu.","tags":["L_Miscellaneous","L_MicrosoftVisio"],"application":"visio16","key":"software\\microsoft\\office\\16.0\\visio\\application"},{"parentCategory":{"ref":"L_Display"},"supportedOn":{"ref":"windows:SUPPORTED_Windows7"},"elements":{"items":[{"valueName":"max display","minValue":0,"minValueSpecified":true,"maxValue":50,"maxValueSpecified":true,"inputType":"decimalTextBox","caption":"Number of entries: ","id":"L_Numberofentries"}]},"name":"L_Recentlyusedfilelist","displayName":"Number of entries in the Recent Drawings list","explainText":"This policy setting specifies the number of entries displayed in the Recent Drawings list that appears when users click Open on the File tab in Backstage view.  \n\nIf you enable this policy setting, you can specify the number of entries to be between 0 and 50. If you set the number to 0, all pinned and unpinned entries are hidden.\n\nIf you disable or do not configure this policy setting, a maximum of 25 items will be displayed in the Recent Drawings list.\n\nNote: If you want to prevent items from being added to the Recent Drawings list entirely, you can enable the \"Do not keep history of recently opened documents\" Windows policy setting.","tags":["L_Display","L_Advanced","L_VisioOptions","L_MicrosoftVisio"],"application":"visio16","key":"software\\microsoft\\office\\16.0\\visio\\file mru"},{"parentCategory":{"ref":"L_Display"},"supportedOn":{"ref":"windows:SUPPORTED_Windows7"},"elements":{"items":[{"valueName":"max display","minValue":0,"minValueSpecified":true,"maxValue":20,"maxValueSpecified":true,"inputType":"decimalTextBox","caption":"Number of folders: ","id":"L_SetNumberOfPlacesInTheRecentPlacesListSpinID"}]},"name":"L_SetNumberOfPlacesInTheRecentPlacesList","displayName":"Number of folders in the Recent Folders list","explainText":"This policy setting specifies the number of unpinned entries displayed in the Recent Folders list that appears when users click Open or Save As on the File tab in Backstage view.\n\nIf you enable this policy setting, you can specify the number of unpinned entries to be between 0 and 20. If you set the number to 0, all pinned and unpinned entries are hidden.\n\nIf you disable or do not configure this policy setting, a maximum of 5 unpinned items are displayed in the Recent Folders list.\n\nNote: If you want to prevent items from being added to the Recent Folders list entirely, you can enable the \"Do not keep history of recently opened documents\" Windows policy setting.","tags":["L_Display","L_Advanced","L_VisioOptions","L_MicrosoftVisio"],"application":"visio16","key":"software\\microsoft\\office\\16.0\\visio\\place mru"},{"parentCategory":{"ref":"L_Miscellaneous"},"supportedOn":{"ref":"windows:SUPPORTED_Windows7"},"enabledValue":{"decimal":{"value":1}},"disabledValue":{"decimal":{"value":0}},"name":"L_DisableOfficeStartVisio","displayName":"Disable the Office Start screen for Visio","explainText":"This policy setting controls whether the Office Start screen appears on boot for Visio.\n\nIf you enable this policy setting, users will not see the Office Start screen when they boot Visio.\n\nIf you disable or do not configure this policy setting, users will see the Office Start screen when they boot Visio.\n\nNote: This policy setting is overridden by the policy setting \"Microsoft Office 2016 > Miscellaneous > Disable the Office Start screen for all Office applications\" if that policy setting is set.","tags":["L_Miscellaneous","L_MicrosoftVisio"],"application":"visio16","key":"software\\microsoft\\office\\16.0\\visio\\application","valueName":"disableboottoofficestart"},{"parentCategory":{"ref":"L_Miscellaneous"},"supportedOn":{"ref":"windows:SUPPORTED_Windows7"},"elements":{"items":[{"valueName":"personaltemplates","requiredSpecified":false,"expandable":true,"expandableSpecified":true,"maxLengthSpecified":false,"inputType":"textBox","caption":"Personal templates path","id":"L_PersonalTemplatesPath"}]},"name":"L_PersonalTemplatesPath","displayName":"Personal templates path for Visio","explainText":"This policy setting specifies the location of a user's personal templates. \n\nIf you enable this policy setting, users will see any templates they have saved in the specified location in the custom templates tab on the Office Start screen and in File | New and when saving a template their default folder will change to be the specified location. \n\nIf you disable or do not configure this policy setting, users will not see templates they have saved in the custom templates tab on the Office Start screen and in File | New and when saving a template their default folder will be their document save location.","tags":["L_Miscellaneous","L_MicrosoftVisio"],"application":"visio16","key":"software\\microsoft\\office\\16.0\\visio\\application"},{"parentCategory":{"ref":"L_Miscellaneous"},"supportedOn":{"ref":"windows:SUPPORTED_Windows7"},"elements":{"items":[{"item":[{"value":{"decimal":{"value":0}},"displayName":"Featured"},{"value":{"decimal":{"value":2}},"displayName":"Built-in"},{"value":{"decimal":{"value":1}},"displayName":"Custom"}],"valueName":"officestartdefaulttab","inputType":"dropdownList","caption":"Default tab","id":"L_DefaultBuiltInTab"}]},"name":"L_DefaultBuiltInTab","displayName":"Default tab to show in Visio on the Office Start screen and in File | New","explainText":"This policy setting controls what displays as the default tab in Visio on the Office Start screen and in File | New. \n\nIf you enable this policy setting, you can choose one of two options to become the default tab on the Office Start screen and in File | New:\n\n* Built-in – Users will the see built-in templates tab as the default tab in Visio on the Office Start screen and in File | New.\n\n* Custom – Users will the see custom templates tab as the default tab in Visio on the Office Start screen and in File | New when templates exist (this can include Custom XML programmed templates, templates in the Workgroup templates path, templates in the Personal templates path, or SharePoint templates).\n\nIf you disable or do not configure this policy setting, users will see the Featured templates tab as the default tab in Visio on the Office Start screen and in File | New","tags":["L_Miscellaneous","L_MicrosoftVisio"],"application":"visio16","key":"software\\microsoft\\office\\16.0\\visio\\application"},{"parentCategory":{"ref":"L_Proofing"},"supportedOn":{"ref":"windows:SUPPORTED_Windows7"},"enabledValue":{"decimal":{"value":1}},"disabledValue":{"decimal":{"value":0}},"name":"L_DisableVisioRnRPane","displayName":"Turn off Research and Translation features in Visio","explainText":"\n        This policy setting controls whether the Research and Translation features appear in Visio.\n\n        If you enable this policy setting, users won’t see the Research and Translation features in Visio.\n\n        If you disable or don't configure this policy setting, users will see the Research and Translation features in Visio.\n\n        Note: This policy setting only applies to Visio LTSC 2021.\n      ","tags":["L_Proofing","L_VisioOptions","L_MicrosoftVisio"],"application":"visio16","key":"software\\microsoft\\office\\16.0\\visio\\application","valueName":"disablevisiornrpane"}]}